actor,variant,state,category,frames,manifest,selected_sha256,visual_status,evidence,next_action
branforth,body,carry-east,other-motion-and-transitions,6,character/chief-engineer-branforth-v2/packs/bare-256x256-p128.0-224.0/manifest.json,3c0a41e2ad50445337f54084da652f80e5867a12ef64b7c76933c3c342b64dab,needs-evidence-reconciliation,,Reconcile prior evidence; review or replace as needed
branforth,body,carry-north,other-motion-and-transitions,6,character/chief-engineer-branforth-v2/packs/bare-256x256-p128.0-224.0/manifest.json,7def79fc4b8a8f369a171562373d446e1ec41c8bbb7f1ddfcb9ee5fc68313654,needs-evidence-reconciliation,,Reconcile prior evidence; review or replace as needed
branforth,body,carry-south,other-motion-and-transitions,6,character/chief-engineer-branforth-v2/packs/bare-256x256-p128.0-224.0/manifest.json,3a975ef9aa1c4b089d76ccd5bb42f1a41627c48ddf17e16769f7793ae511e3f1,needs-evidence-reconciliation,,Reconcile prior evidence; review or replace as needed
branforth,body,carry-turn-east-north,other-motion-and-transitions,6,character/chief-engineer-branforth-v2/packs/bare-256x256-p128.0-224.0/manifest.json,cfd4b9d746dc42dff8272a213d1a1c95c6fef42d441b2fd191ef5da66db294b2,needs-evidence-reconciliation,,Reconcile prior evidence; review or replace as needed
branforth,body,carry-turn-east-south,other-motion-and-transitions,6,character/chief-engineer-branforth-v2/packs/bare-256x256-p128.0-224.0/manifest.json,d67f9506d90d9b5431ef4b3e51ee76210b1eb41e0176f3fc4a2abd32ba5ddce4,needs-evidence-reconciliation,,Reconcile prior evidence; review or replace as needed
branforth,body,carry-turn-east-west,other-motion-and-transitions,12,character/chief-engineer-branforth-v2/packs/bare-256x256-p128.0-224.0/manifest.json,de43b9dd3cbc858f37d6c79c3c0f0331471b67fb0dcc78dc6ea70f390f74b84a,needs-evidence-reconciliation,,Reconcile prior evidence; review or replace as needed
branforth,body,carry-turn-north-east,other-motion-and-transitions,6,character/chief-engineer-branforth-v2/packs/bare-256x256-p128.0-224.0/manifest.json,c078fa4a13ed3912bd3bb5f20a46f9938623c65475c58b7c14b1ca4d127b23bb,needs-evidence-reconciliation,,Reconcile prior evidence; review or replace as needed
branforth,body,carry-turn-north-south,other-motion-and-transitions,12,character/chief-engineer-branforth-v2/packs/bare-256x256-p128.0-224.0/manifest.json,d2d8857f89513dbd54f53259fd6cbcbde3205976c2cf22d5a2f50652d1f90e96,needs-evidence-reconciliation,,Reconcile prior evidence; review or replace as needed
branforth,body,carry-turn-north-west,other-motion-and-transitions,6,character/chief-engineer-branforth-v2/packs/bare-256x256-p128.0-224.0/manifest.json,51e9847eef152b65260c31655cfbf8842132ac32d2d4c83f308af7bf5f8a0575,needs-evidence-reconciliation,,Reconcile prior evidence; review or replace as needed
branforth,body,carry-turn-south-east,other-motion-and-transitions,6,character/chief-engineer-branforth-v2/packs/bare-256x256-p128.0-224.0/manifest.json,ba96e4e75035d89d9aee19ae2c761b1e8b3a06f5372766a183a9b672a4b97a19,needs-evidence-reconciliation,,Reconcile prior evidence; review or replace as needed
branforth,body,carry-turn-south-north,other-motion-and-transitions,12,character/chief-engineer-branforth-v2/packs/bare-256x256-p128.0-224.0/manifest.json,01536d1fef38a6442cf99a904ff669892e80e7b10b701f7de2b77c93a6ecbead,needs-evidence-reconciliation,,Reconcile prior evidence; review or replace as needed
branforth,body,carry-turn-south-west,other-motion-and-transitions,6,character/chief-engineer-branforth-v2/packs/bare-256x256-p128.0-224.0/manifest.json,4e1bba663207e440789a54ad09ce31a9d7511b91e26d1ddc3720e4fa67c13fa0,needs-evidence-reconciliation,,Reconcile prior evidence; review or replace as needed
branforth,body,carry-turn-west-east,other-motion-and-transitions,12,character/chief-engineer-branforth-v2/packs/bare-256x256-p128.0-224.0/manifest.json,6bd5f6c18665bc915cf3b3dc6eaedb786ef8af9901459312809f21c2c1a6faaa,needs-evidence-reconciliation,,Reconcile prior evidence; review or replace as needed
branforth,body,carry-turn-west-north,other-motion-and-transitions,6,character/chief-engineer-branforth-v2/packs/bare-256x256-p128.0-224.0/manifest.json,d43ae7dc9ca39e9347b0a97004237d44edc1f0eebf391258f7490a9828b2c313,needs-evidence-reconciliation,,Reconcile prior evidence; review or replace as needed
branforth,body,carry-turn-west-south,other-motion-and-transitions,6,character/chief-engineer-branforth-v2/packs/bare-256x256-p128.0-224.0/manifest.json,10d42200e64399f69eab41983c9e1ae626da4bd7b66c1aab0665ffe14b6f69d9,needs-evidence-reconciliation,,Reconcile prior evidence; review or replace as needed
branforth,body,carry-west,other-motion-and-transitions,6,character/chief-engineer-branforth-v2/packs/bare-256x256-p128.0-224.0/manifest.json,843d7388aae09749a54147687040eab20ca1216cfed103ffd46a51ba4bb1a8d0,needs-evidence-reconciliation,,Reconcile prior evidence; review or replace as needed
branforth,body,death-ground-east,death,6,character/chief-engineer-branforth-v2/packs/bare-184x184-p92.0-172.0/manifest.json,46ff56743ececc9abf90d9340f3ff0f583af03ce004a0b0aeb49b376f17ddc12,review-rework-pending,,Repair batch active; review authored identity/motion and fitted equipment
branforth,body,death-ground-north,death,6,character/chief-engineer-branforth-v2/packs/bare-256x256-p128.0-224.0/manifest.json,c79af21ddc5f908ff24025744cbb9c2a15c65631795176f9a223bb45f0adc8ef,review-rework-pending,,Repair batch active; review authored identity/motion and fitted equipment
branforth,body,death-ground-south,death,6,character/chief-engineer-branforth-v2/packs/bare-256x256-p128.0-224.0/manifest.json,22b3b1905400061bac95193347b534ebcca50b5912af01bc9268d282f19ffc43,review-rework-pending,,Repair batch active; review authored identity/motion and fitted equipment
branforth,body,death-ground-west,death,6,character/chief-engineer-branforth-v2/packs/bare-256x256-p128.0-224.0/manifest.json,7f65b298c46a7b75a20e680ca61cd29d4811c0f4f36235a1da46ff28b6306caf,review-rework-pending,,Repair batch active; review authored identity/motion and fitted equipment
branforth,body,death-water-east,death,6,character/chief-engineer-branforth-v2/packs/bare-184x184-p122.0-88.0/manifest.json,5314862472e1fcc2b0df91fa1de8e22a366e18ff7e3dc9f8f68d7ed879a76cac,review-rework-pending,,Repair batch active; review authored identity/motion and fitted equipment
branforth,body,death-water-north,death,6,character/chief-engineer-branforth-v2/packs/bare-256x256-p128.0-128.0/manifest.json,b33db78a0b2c0548f89503107bef76a7693406e59d07bb495bc853dde4a3e9d3,review-rework-pending,,Repair batch active; review authored identity/motion and fitted equipment
branforth,body,death-water-south,death,6,character/chief-engineer-branforth-v2/packs/bare-256x256-p128.0-128.0/manifest.json,2cfdd998a3dcc48545b3c66d5e2381e7baa0ee62e096e6463ab697b8d6febb8d,review-rework-pending,,Repair batch active; review authored identity/motion and fitted equipment
branforth,body,death-water-west,death,6,character/chief-engineer-branforth-v2/packs/bare-256x256-p128.0-128.0/manifest.json,11e9be96eab5d7ea91acbfff30f0cbd6952780acbe2efb353d89b961dd7d68e6,review-rework-pending,,Repair batch active; review authored identity/motion and fitted equipment
branforth,body,drink-east,daily-life,6,character/chief-engineer-branforth-v2/packs/bare-256x256-p128.0-224.0/manifest.json,339437bef7fd0661b92abe3ad5265544b46e4170a4a8446fb100499693e4e9bd,review-rework-pending,,Repair batch active; review authored identity/motion and fitted equipment
branforth,body,drink-north,daily-life,6,character/chief-engineer-branforth-v2/packs/bare-256x256-p128.0-224.0/manifest.json,b08b08a43f8f9b87d0612708969d3d35465fc9a4f9220e79e62067a768ec93f9,review-rework-pending,,Repair batch active; review authored identity/motion and fitted equipment
branforth,body,drink-south,daily-life,6,character/chief-engineer-branforth-v2/packs/bare-256x256-p128.0-224.0/manifest.json,6630d769077fb0c7de4544dd6a126d5ce700f88e87890dab2cf5416d55f6b71a,review-rework-pending,,Repair batch active; review authored identity/motion and fitted equipment
branforth,body,drink-west,daily-life,6,character/chief-engineer-branforth-v2/packs/bare-256x256-p128.0-224.0/manifest.json,a63c97c1b490908d577e2d3451830de69f6d3eac15c3f72a2626e9025b5a8d07,review-rework-pending,,Repair batch active; review authored identity/motion and fitted equipment
branforth,body,eat-east,daily-life,6,character/chief-engineer-branforth-v2/packs/bare-256x256-p128.0-224.0/manifest.json,234110957921ff87d38c22a025b2b9fa6525d512c9025fd017b65bcbce2db6e0,review-rework-pending,,Repair batch active; review authored identity/motion and fitted equipment
branforth,body,eat-north,daily-life,6,character/chief-engineer-branforth-v2/packs/bare-256x256-p128.0-224.0/manifest.json,a773293f2fc8a4d80ddbe1aa54f790ed32f8a537d2c48cd68fa5e4818e256aae,review-rework-pending,,Repair batch active; review authored identity/motion and fitted equipment
branforth,body,eat-south,daily-life,6,character/chief-engineer-branforth-v2/packs/bare-256x256-p128.0-224.0/manifest.json,1257ac5ad0046e8421d9912bd239d18aee2b8a5eaa41f598fc8ed8277ee4a749,review-rework-pending,,Repair batch active; review authored identity/motion and fitted equipment
branforth,body,eat-west,daily-life,6,character/chief-engineer-branforth-v2/packs/bare-256x256-p128.0-224.0/manifest.json,ffe88adba6dacc75767054ddfd3f06f9f30d1a4e873e0c9f1c20b7ff97a39eba,review-rework-pending,,Repair batch active; review authored identity/motion and fitted equipment
branforth,body,equip-helmet-east,other-motion-and-transitions,12,character/chief-engineer-branforth-v2/packs/bare-184x208-p92.0-196.0/manifest.json,2b098dced1c9d7f05ba838b932afa57ad2ea5b40649cd2d6620771a3a444722e,needs-evidence-reconciliation,,Reconcile prior evidence; review or replace as needed
branforth,body,get-up-east,other-motion-and-transitions,6,character/chief-engineer-branforth-v2/packs/bare-256x256-p128.0-224.0/manifest.json,a0a2a1362ead4124784dd414b40a3aed12afc119ac26d5108d2f0a0097465a4f,needs-evidence-reconciliation,,Reconcile prior evidence; review or replace as needed
branforth,body,get-up-north,other-motion-and-transitions,6,character/chief-engineer-branforth-v2/packs/bare-256x256-p128.0-224.0/manifest.json,b170c10b58efc9624ac9b9acd114f03137f8acd4b258e4119ca2493434e96d5a,needs-evidence-reconciliation,,Reconcile prior evidence; review or replace as needed
branforth,body,get-up-south,other-motion-and-transitions,6,character/chief-engineer-branforth-v2/packs/bare-256x256-p128.0-224.0/manifest.json,e75fa94328296e19146e301f65f4d3954353d6559ebcd013bb2fe245879e251e,needs-evidence-reconciliation,,Reconcile prior evidence; review or replace as needed
branforth,body,get-up-west,other-motion-and-transitions,6,character/chief-engineer-branforth-v2/packs/bare-256x256-p128.0-224.0/manifest.json,93d81e880ad509ad0ea309237f47e5239f506b02a61675e5054dcc33efe634ba,needs-evidence-reconciliation,,Reconcile prior evidence; review or replace as needed
branforth,body,idle-east,other-motion-and-transitions,6,character/chief-engineer-branforth-v2/packs/bare-184x184-p92.0-172.0/manifest.json,9486a9383c01b86e6a3f8deb56630ed21d16cf19217c8d22358c85845e1b21e9,needs-evidence-reconciliation,,Reconcile prior evidence; review or replace as needed
branforth,body,idle-north,other-motion-and-transitions,6,character/chief-engineer-branforth-v2/packs/bare-184x184-p92.0-172.0/manifest.json,f855c573e8c897238f8c96d5c391fb8cf10a741e05d83e64456e4fe251999b4b,needs-evidence-reconciliation,,Reconcile prior evidence; review or replace as needed
branforth,body,idle-south,other-motion-and-transitions,6,character/chief-engineer-branforth-v2/packs/bare-184x184-p92.0-172.0/manifest.json,7c141e69daf8faf95eb7d028693e6933c7290042c7ec14f200cb91ab79cec392,needs-evidence-reconciliation,,Reconcile prior evidence; review or replace as needed
branforth,body,idle-west,other-motion-and-transitions,6,character/chief-engineer-branforth-v2/packs/bare-184x184-p92.0-172.0/manifest.json,b9c966a7493c175bbc9897a6d15547c39ae58656bc9c06533f81d531712ec81e,needs-evidence-reconciliation,,Reconcile prior evidence; review or replace as needed
branforth,body,inspect-east,other-motion-and-transitions,6,character/chief-engineer-branforth-v2/packs/bare-256x256-p128.0-224.0/manifest.json,ee86163560828fdec955c2ec8387ffd650192e78b3449b920a90f916a00c6df0,needs-evidence-reconciliation,,Reconcile prior evidence; review or replace as needed
branforth,body,inspect-north,other-motion-and-transitions,6,character/chief-engineer-branforth-v2/packs/bare-256x256-p128.0-224.0/manifest.json,968a5a9e5ac0231265314ec3b1d742697f7bda67d543a4107a238bfe936e7c64,needs-evidence-reconciliation,,Reconcile prior evidence; review or replace as needed
branforth,body,inspect-south,other-motion-and-transitions,6,character/chief-engineer-branforth-v2/packs/bare-256x256-p128.0-224.0/manifest.json,a6070cf080cdf458c2b92bf0eb268a7002de88dacfe1bfe9868dbe2bde6e7fa4,needs-evidence-reconciliation,,Reconcile prior evidence; review or replace as needed
branforth,body,inspect-west,other-motion-and-transitions,6,character/chief-engineer-branforth-v2/packs/bare-256x256-p128.0-224.0/manifest.json,08d30e1cf6278c0b854f6ecde2d133be2ddfffccc6dbe8a07a69714eb38e5e19,needs-evidence-reconciliation,,Reconcile prior evidence; review or replace as needed
branforth,body,interact-east,instrument,6,character/chief-engineer-branforth-v2/packs/bare-184x184-p92.0-172.0/manifest.json,1ccb6fb24725454ae1f0633ed59fc1c10e851228bf0418b64c32233f8c8dd56a,selected-clip-reviewed-live-context-pending,docs/CREW_ACTION_REVIEW_2026-09-12.md; native instrument study and selected-source logs in output/crew-replacement-2026-09-12/branforth,"Review continuous live workplace entry, action and exit"
branforth,body,interact-north,instrument,6,character/chief-engineer-branforth-v2/packs/bare-256x256-p128.0-224.0/manifest.json,dd04220ea0473de2712430e456093daa1114b70a750ffb080bbf2543905ad12d,selected-clip-reviewed-live-context-pending,docs/CREW_ACTION_REVIEW_2026-09-12.md; native instrument study and selected-source logs in output/crew-replacement-2026-09-12/branforth,"Review continuous live workplace entry, action and exit"
branforth,body,interact-south,instrument,6,character/chief-engineer-branforth-v2/packs/bare-256x256-p128.0-224.0/manifest.json,247148cbd6e34fafe8b92c57d84afa781e191422f4d710b220c8206b4e128468,selected-clip-reviewed-live-context-pending,docs/CREW_ACTION_REVIEW_2026-09-12.md; native instrument study and selected-source logs in output/crew-replacement-2026-09-12/branforth,"Review continuous live workplace entry, action and exit"
branforth,body,interact-west,instrument,6,character/chief-engineer-branforth-v2/packs/bare-256x256-p128.0-224.0/manifest.json,400ac2dd6ce785987a9298ec223a7356e54734536dec7e3304abde4650ae4303,selected-clip-reviewed-live-context-pending,docs/CREW_ACTION_REVIEW_2026-09-12.md; native instrument study and selected-source logs in output/crew-replacement-2026-09-12/branforth,"Review continuous live workplace entry, action and exit"
branforth,body,kneel-east,other-motion-and-transitions,6,character/chief-engineer-branforth-v2/packs/bare-184x184-p92.0-172.0/manifest.json,f9c2c0e35c81d89301135a470f7e108e47c50b0dd508274a358bacf77b68e027,needs-evidence-reconciliation,,Reconcile prior evidence; review or replace as needed
branforth,body,kneel-north,other-motion-and-transitions,6,character/chief-engineer-branforth-v2/packs/bare-256x256-p128.0-224.0/manifest.json,16becbbd8b4082b49bf26125ed72e009f1a96d1eb661af7f62093caaea5dc568,needs-evidence-reconciliation,,Reconcile prior evidence; review or replace as needed
branforth,body,kneel-south,other-motion-and-transitions,6,character/chief-engineer-branforth-v2/packs/bare-256x256-p128.0-224.0/manifest.json,5eae720127342254310b4d15f4f574a9dc275f6c8194faf61ad27e95307c3d55,needs-evidence-reconciliation,,Reconcile prior evidence; review or replace as needed
branforth,body,kneel-west,other-motion-and-transitions,6,character/chief-engineer-branforth-v2/packs/bare-256x256-p128.0-224.0/manifest.json,8d1985eede1173263110b1850a8062a7f8c7d78845b9513fb8295112c5c03093,needs-evidence-reconciliation,,Reconcile prior evidence; review or replace as needed
branforth,body,lie-down-east,other-motion-and-transitions,6,character/chief-engineer-branforth-v2/packs/bare-256x256-p128.0-224.0/manifest.json,880ec95d02107959012c1f2a08eb783cd1effbd228914660196899e8d529f143,needs-evidence-reconciliation,,Reconcile prior evidence; review or replace as needed
branforth,body,lie-down-north,other-motion-and-transitions,6,character/chief-engineer-branforth-v2/packs/bare-256x256-p128.0-224.0/manifest.json,7b172d5c5d96b1e1dabf43485195a3fc7c44f1cd4ec74c8b9aa8f139b7d02da5,needs-evidence-reconciliation,,Reconcile prior evidence; review or replace as needed
branforth,body,lie-down-south,other-motion-and-transitions,6,character/chief-engineer-branforth-v2/packs/bare-256x256-p128.0-224.0/manifest.json,4d9ff22ebc9ce82ad39f6c83c1be5424b121231c718a85b00cdce63c4ff74d25,needs-evidence-reconciliation,,Reconcile prior evidence; review or replace as needed
branforth,body,lie-down-west,other-motion-and-transitions,6,character/chief-engineer-branforth-v2/packs/bare-256x256-p128.0-224.0/manifest.json,00f478914ed856e9adc9a3f726fb95b890fe93e6d65b2b1adcd5f88d8b7dd760,needs-evidence-reconciliation,,Reconcile prior evidence; review or replace as needed
branforth,body,pickup-east,other-motion-and-transitions,6,character/chief-engineer-branforth-v2/packs/bare-256x256-p128.0-224.0/manifest.json,3b6d9d57fa28fbbf0273537fbc71ede592e33952d43e5bcc28f5a692a8c6029f,needs-evidence-reconciliation,,Reconcile prior evidence; review or replace as needed
branforth,body,pickup-north,other-motion-and-transitions,6,character/chief-engineer-branforth-v2/packs/bare-256x256-p128.0-224.0/manifest.json,bf4f7e03648276d223e0978eda76b5ba296ff9c7adf4c3ce9ed0f2d6d35315b9,needs-evidence-reconciliation,,Reconcile prior evidence; review or replace as needed
branforth,body,pickup-south,other-motion-and-transitions,6,character/chief-engineer-branforth-v2/packs/bare-256x256-p128.0-224.0/manifest.json,7b3d52288468bba09501914b5042db3822dc95e92ce5840901d15282065942f2,needs-evidence-reconciliation,,Reconcile prior evidence; review or replace as needed
branforth,body,pickup-west,other-motion-and-transitions,6,character/chief-engineer-branforth-v2/packs/bare-256x256-p128.0-224.0/manifest.json,943154bab39b34795674793528bd69d8f7e9f848ec93b8cadd1e3a4cdd11249c,needs-evidence-reconciliation,,Reconcile prior evidence; review or replace as needed
branforth,body,read-seated-east,daily-life,6,character/chief-engineer-branforth-v2/packs/bare-256x256-p128.0-224.0/manifest.json,6dd4a6c3f53b9da244db69d305e58f26bd0c0537edc10920fbc762a1a918a521,review-rework-pending,,Repair batch active; review authored identity/motion and fitted equipment
branforth,body,read-seated-north,daily-life,6,character/chief-engineer-branforth-v2/packs/bare-256x256-p128.0-224.0/manifest.json,1978770a1cd2a745f2e5b3250316dbd46d743d77d0f98e2c8667e6bedd9b251e,review-rework-pending,,Repair batch active; review authored identity/motion and fitted equipment
branforth,body,read-seated-south,daily-life,6,character/chief-engineer-branforth-v2/packs/bare-256x256-p128.0-224.0/manifest.json,7f707f272c5a7a7818f094a10a0c97acba5a8805a9366ed6055f7c81b960493b,review-rework-pending,,Repair batch active; review authored identity/motion and fitted equipment
branforth,body,read-seated-west,daily-life,6,character/chief-engineer-branforth-v2/packs/bare-256x256-p128.0-224.0/manifest.json,65d29a71d23531ffe4a3ecf898b753684df545a91b281552030bec63b57b36f6,review-rework-pending,,Repair batch active; review authored identity/motion and fitted equipment
branforth,body,recover-air-east,water,6,character/chief-engineer-branforth-v2/packs/bare-256x256-p128.0-224.0/manifest.json,23c61ecde6e5a5b948dd43b18434fc7d5cffb95cf417b155246becb5a7d1dffa,needs-evidence-reconciliation,,Reconcile prior evidence; review or replace as needed
branforth,body,recover-air-north,water,6,character/chief-engineer-branforth-v2/packs/bare-256x256-p128.0-224.0/manifest.json,de6866bda719a17ad669b2399ed09afc054e543a34db351132000af4ca49b96e,needs-evidence-reconciliation,,Reconcile prior evidence; review or replace as needed
branforth,body,recover-air-south,water,6,character/chief-engineer-branforth-v2/packs/bare-256x256-p128.0-224.0/manifest.json,710132488be6100916afacaf36947ed3a5656598f1f84f95e578ae8af6c389b5,needs-evidence-reconciliation,,Reconcile prior evidence; review or replace as needed
branforth,body,recover-air-west,water,6,character/chief-engineer-branforth-v2/packs/bare-256x256-p128.0-224.0/manifest.json,740ade6d98b8f62327f8c411f75511ac20ba3e52d1290cbaba092d59a28abafa,needs-evidence-reconciliation,,Reconcile prior evidence; review or replace as needed
branforth,body,remove-helmet-east,other-motion-and-transitions,12,character/chief-engineer-branforth-v2/packs/bare-184x208-p92.0-196.0/manifest.json,e26ca901625f854a6ad8bfc2ffce81e089820d7fad0f3bd2678a8f31357b193a,needs-evidence-reconciliation,,Reconcile prior evidence; review or replace as needed
branforth,body,repair-east,repair,6,character/chief-engineer-branforth-v2/packs/bare-184x184-p92.0-172.0/manifest.json,d215291549e3cc40de1d95c6d4a400e247c28c1dc762e8704e2e0c5a0e3f0632,review-rework-pending,,Repair batch active; review authored identity/motion and fitted equipment
branforth,body,repair-north,repair,6,character/chief-engineer-branforth-v2/packs/bare-256x256-p128.0-224.0/manifest.json,39143813dd1087f80b35710f6207062752d0b9595c39988171b3b80f1381dac7,review-rework-pending,,Repair batch active; review authored identity/motion and fitted equipment
branforth,body,repair-south,repair,6,character/chief-engineer-branforth-v2/packs/bare-256x256-p128.0-224.0/manifest.json,e2b93e0130b0fa8c69ade2e607053c827385ef16de697e12c12e8ba691563510,review-rework-pending,,Repair batch active; review authored identity/motion and fitted equipment
branforth,body,repair-west,repair,6,character/chief-engineer-branforth-v2/packs/bare-256x256-p128.0-224.0/manifest.json,bf7e51e259d03025d34840a1a432f8d9ee4c42a5e91535a1d20ff1b1ad596245,review-rework-pending,,Repair batch active; review authored identity/motion and fitted equipment
branforth,body,salvage-east,water,6,character/chief-engineer-branforth-v2/packs/bare-256x256-p128.0-128.0/manifest.json,041de0c4c276e7b24eddadc741a0814d50224a35b784218972fab2ce8b54d242,needs-evidence-reconciliation,,Reconcile prior evidence; review or replace as needed
branforth,body,salvage-north,water,6,character/chief-engineer-branforth-v2/packs/bare-256x256-p128.0-128.0/manifest.json,1d89746f996268460a9b25b5f257dfdbf804ae0e807ca6d7be6655fb0cebba44,needs-evidence-reconciliation,,Reconcile prior evidence; review or replace as needed
branforth,body,salvage-south,water,6,character/chief-engineer-branforth-v2/packs/bare-256x256-p128.0-128.0/manifest.json,85117e5968ef0ac3adf4266378525d53c72466308399ebdfe485abd67894f88b,needs-evidence-reconciliation,,Reconcile prior evidence; review or replace as needed
branforth,body,salvage-west,water,6,character/chief-engineer-branforth-v2/packs/bare-256x256-p128.0-128.0/manifest.json,0363cd851cea4971a99b548144051324f417af4158c49b5a9b1bdd6024d24daa,needs-evidence-reconciliation,,Reconcile prior evidence; review or replace as needed
branforth,body,sit-down-east,other-motion-and-transitions,6,character/chief-engineer-branforth-v2/packs/bare-256x256-p128.0-224.0/manifest.json,fd570c4a493ee858c7a247ab5a356268534499a3b5f77ba5399f79122816373d,needs-evidence-reconciliation,,Reconcile prior evidence; review or replace as needed
branforth,body,sit-down-north,other-motion-and-transitions,6,character/chief-engineer-branforth-v2/packs/bare-256x256-p128.0-224.0/manifest.json,54acc1bee706c7eeda1492a0c41b264c9b7a6621ee5238c46e60447814e2c3f9,needs-evidence-reconciliation,,Reconcile prior evidence; review or replace as needed
branforth,body,sit-down-south,other-motion-and-transitions,6,character/chief-engineer-branforth-v2/packs/bare-256x256-p128.0-224.0/manifest.json,86685ad4f94971d87e6e146f9617dab27ffa23a8c494b56af6b3692a6c85e78a,needs-evidence-reconciliation,,Reconcile prior evidence; review or replace as needed
branforth,body,sit-down-west,other-motion-and-transitions,6,character/chief-engineer-branforth-v2/packs/bare-256x256-p128.0-224.0/manifest.json,0522a518954cd21bc40a77a85826b52ee92ed09598c88433b3c0501729cf1e51,needs-evidence-reconciliation,,Reconcile prior evidence; review or replace as needed
branforth,body,sit-idle-east,other-motion-and-transitions,6,character/chief-engineer-branforth-v2/packs/bare-256x256-p128.0-224.0/manifest.json,bf3b30a71536ac6e25bb4444c95ed85f1470db6ef78628adbf467b2fdf1b71c1,needs-evidence-reconciliation,,Reconcile prior evidence; review or replace as needed
branforth,body,sit-idle-north,other-motion-and-transitions,6,character/chief-engineer-branforth-v2/packs/bare-256x256-p128.0-224.0/manifest.json,df1e2be68b7bd8d1b72eca15e8f26544d663fb21db2d8e0e94eaac8edebfed78,needs-evidence-reconciliation,,Reconcile prior evidence; review or replace as needed
branforth,body,sit-idle-south,other-motion-and-transitions,6,character/chief-engineer-branforth-v2/packs/bare-256x256-p128.0-224.0/manifest.json,43b66f4adf8f347f63011b1bdb0540397c59f7488baff80f5077b390750c6adc,needs-evidence-reconciliation,,Reconcile prior evidence; review or replace as needed
branforth,body,sit-idle-west,other-motion-and-transitions,6,character/chief-engineer-branforth-v2/packs/bare-256x256-p128.0-224.0/manifest.json,34a4accb7c399f185cdd1ed0830c73e06a0d69ab1a5b2c88249092042a1a64f7,needs-evidence-reconciliation,,Reconcile prior evidence; review or replace as needed
branforth,body,sit-rise-east,other-motion-and-transitions,6,character/chief-engineer-branforth-v2/packs/bare-256x256-p128.0-224.0/manifest.json,388be2bd194584788f540e5a4ea54a64e601ec4c297f7c13145e98d75f1b147c,needs-evidence-reconciliation,,Reconcile prior evidence; review or replace as needed
branforth,body,sit-rise-north,other-motion-and-transitions,6,character/chief-engineer-branforth-v2/packs/bare-256x256-p128.0-224.0/manifest.json,367a0fe182c172edc60510d0a2fe90b86c7dac6958ff565550d720bdba2b52f9,needs-evidence-reconciliation,,Reconcile prior evidence; review or replace as needed
branforth,body,sit-rise-south,other-motion-and-transitions,6,character/chief-engineer-branforth-v2/packs/bare-256x256-p128.0-224.0/manifest.json,68f454c9054aa8faf2a86d44fe2a7a152a7a4a70ad1e869384942690bd7cf7d6,needs-evidence-reconciliation,,Reconcile prior evidence; review or replace as needed
branforth,body,sit-rise-west,other-motion-and-transitions,6,character/chief-engineer-branforth-v2/packs/bare-256x256-p128.0-224.0/manifest.json,e11287cf96e2732c95ce558ed9d2f0f1fe38970730ee82f9d29e39a4ffd01ec6,needs-evidence-reconciliation,,Reconcile prior evidence; review or replace as needed
branforth,body,sleep-east,other-motion-and-transitions,6,character/chief-engineer-branforth-v2/packs/bare-256x256-p128.0-224.0/manifest.json,7eaa88cc9ffd3b3c4c2f58eab2ccf6ff04f8799e006273f24608063bdd4f78a7,needs-evidence-reconciliation,,Reconcile prior evidence; review or replace as needed
branforth,body,sleep-north,other-motion-and-transitions,6,character/chief-engineer-branforth-v2/packs/bare-256x256-p128.0-224.0/manifest.json,94f19898d1e453d8b7191199a07f290ab9092ebc44b0ea776431b59be95d7329,needs-evidence-reconciliation,,Reconcile prior evidence; review or replace as needed
branforth,body,sleep-south,other-motion-and-transitions,6,character/chief-engineer-branforth-v2/packs/bare-256x256-p128.0-224.0/manifest.json,891ab6d77f9ed1e5d0541844207a869e1d03c018890d65dbd4d8d12f14c50835,needs-evidence-reconciliation,,Reconcile prior evidence; review or replace as needed
branforth,body,sleep-west,other-motion-and-transitions,6,character/chief-engineer-branforth-v2/packs/bare-256x256-p128.0-224.0/manifest.json,98b997ec7c607757de514ea4f4c406cbdb0cb7b043dfa825abe9b75fe23c566b,needs-evidence-reconciliation,,Reconcile prior evidence; review or replace as needed
branforth,body,stand-east,other-motion-and-transitions,6,character/chief-engineer-branforth-v2/packs/bare-184x184-p92.0-172.0/manifest.json,6e9429f7e4fd1e864315a0a2511e85e491c941d4b2ca85b1d796bc2109872fde,needs-evidence-reconciliation,,Reconcile prior evidence; review or replace as needed
branforth,body,stand-north,other-motion-and-transitions,6,character/chief-engineer-branforth-v2/packs/bare-256x256-p128.0-224.0/manifest.json,d7e285d3f99fb85c35d5842660895e2ce4f2c2f46d85c763df00d38ffeaae93d,needs-evidence-reconciliation,,Reconcile prior evidence; review or replace as needed
branforth,body,stand-south,other-motion-and-transitions,6,character/chief-engineer-branforth-v2/packs/bare-256x256-p128.0-224.0/manifest.json,465a9126d6505c4e521c166a72bd7afd0c01f67b1691336d057818543a79ff94,needs-evidence-reconciliation,,Reconcile prior evidence; review or replace as needed
branforth,body,stand-west,other-motion-and-transitions,6,character/chief-engineer-branforth-v2/packs/bare-256x256-p128.0-224.0/manifest.json,11f7c2e0fbe9b30158ebd61aecabc311d56e49ab855d07f9f934f54966de76af,needs-evidence-reconciliation,,Reconcile prior evidence; review or replace as needed
branforth,body,swim-carry-east,water,6,character/chief-engineer-branforth-v2/packs/bare-256x256-p128.0-128.0/manifest.json,aed2a75f72f7e9b61735ac2888224dc444ceb685da20d90b506f6b333ecc666c,needs-evidence-reconciliation,,Reconcile prior evidence; review or replace as needed
branforth,body,swim-carry-north,water,6,character/chief-engineer-branforth-v2/packs/bare-256x256-p128.0-128.0/manifest.json,a497adf9edceff268e8cbf5e5f662801d23e73bc18a36677baa18f2859c6a592,needs-evidence-reconciliation,,Reconcile prior evidence; review or replace as needed
branforth,body,swim-carry-south,water,6,character/chief-engineer-branforth-v2/packs/bare-256x256-p128.0-128.0/manifest.json,41a72af4c2a42a83c80019e3bee24c8f878d18363d95712509633c47413ba49b,needs-evidence-reconciliation,,Reconcile prior evidence; review or replace as needed
branforth,body,swim-carry-turn-east-north,water,6,character/chief-engineer-branforth-v2/packs/bare-256x256-p128.0-128.0/manifest.json,2458e88b9fa8fe20eddf8118886efadbe1af548257f2ccd24745f4627b8f267d,needs-evidence-reconciliation,,Reconcile prior evidence; review or replace as needed
branforth,body,swim-carry-turn-east-south,water,6,character/chief-engineer-branforth-v2/packs/bare-256x256-p128.0-128.0/manifest.json,8e55427002fdbe7565738635f8c8cc630504ff367a33a931f67ff140ca737102,needs-evidence-reconciliation,,Reconcile prior evidence; review or replace as needed
branforth,body,swim-carry-turn-east-west,water,12,character/chief-engineer-branforth-v2/packs/bare-256x256-p128.0-128.0/manifest.json,9601177968f0889364a0017b7450e73114b4b7e2555d84b273236f46e6327e8b,needs-evidence-reconciliation,,Reconcile prior evidence; review or replace as needed
branforth,body,swim-carry-turn-north-east,water,6,character/chief-engineer-branforth-v2/packs/bare-256x256-p128.0-128.0/manifest.json,cfa346bd3fe33bb188fa7b0b6e07fa2cab5ee5d45429d675862a7b6c4f370b18,needs-evidence-reconciliation,,Reconcile prior evidence; review or replace as needed
branforth,body,swim-carry-turn-north-south,water,12,character/chief-engineer-branforth-v2/packs/bare-256x256-p128.0-128.0/manifest.json,1ae877f3ab76361782b55bb8c00d248bef23bae88a509406ad77d537dd8e0941,needs-evidence-reconciliation,,Reconcile prior evidence; review or replace as needed
branforth,body,swim-carry-turn-north-west,water,6,character/chief-engineer-branforth-v2/packs/bare-256x256-p128.0-128.0/manifest.json,5aa55658c475c8bb2c06db296ec4c2083eeb176d37f00821046a40081d89733f,needs-evidence-reconciliation,,Reconcile prior evidence; review or replace as needed
branforth,body,swim-carry-turn-south-east,water,6,character/chief-engineer-branforth-v2/packs/bare-256x256-p128.0-128.0/manifest.json,618cf2389e2b785461aca42a7a2b5ffd90b045c89b18efb1252041efcd9d9e63,needs-evidence-reconciliation,,Reconcile prior evidence; review or replace as needed
branforth,body,swim-carry-turn-south-north,water,12,character/chief-engineer-branforth-v2/packs/bare-256x256-p128.0-128.0/manifest.json,9b88c6551f404c32fafc74e5604bcf302c9f5b727a95abbfca55f9820ced40b7,needs-evidence-reconciliation,,Reconcile prior evidence; review or replace as needed
branforth,body,swim-carry-turn-south-west,water,6,character/chief-engineer-branforth-v2/packs/bare-256x256-p128.0-128.0/manifest.json,b07f0494404c6f1d396e846ba3af1a85a42067408799f3a8023bd74a4a7d1c10,needs-evidence-reconciliation,,Reconcile prior evidence; review or replace as needed
branforth,body,swim-carry-turn-west-east,water,12,character/chief-engineer-branforth-v2/packs/bare-256x256-p128.0-128.0/manifest.json,4d999dfcc47eb592c993e57184cf7f1a53d728f52fd77012240eed01d2cb9eaa,needs-evidence-reconciliation,,Reconcile prior evidence; review or replace as needed
branforth,body,swim-carry-turn-west-north,water,6,character/chief-engineer-branforth-v2/packs/bare-256x256-p128.0-128.0/manifest.json,1fd43938626b7327a43f537b5847d3be046eca73ae1d84915a89afea848bb50d,needs-evidence-reconciliation,,Reconcile prior evidence; review or replace as needed
branforth,body,swim-carry-turn-west-south,water,6,character/chief-engineer-branforth-v2/packs/bare-256x256-p128.0-128.0/manifest.json,c2a6d3cdda80c3b320d0e6838732f4c12c27966379ac851d4124de788985bfc5,needs-evidence-reconciliation,,Reconcile prior evidence; review or replace as needed
branforth,body,swim-carry-west,water,6,character/chief-engineer-branforth-v2/packs/bare-256x256-p128.0-128.0/manifest.json,2c37b8d158ab86b994b184af2f529618773f8872a07c3c75ea47509296306ff0,needs-evidence-reconciliation,,Reconcile prior evidence; review or replace as needed
branforth,body,swim-distress-east,water,6,character/chief-engineer-branforth-v2/packs/bare-256x256-p128.0-128.0/manifest.json,3587c3c060b01e04e50733840383770da5f62a49eb6a127806f259af0605b488,needs-evidence-reconciliation,,Reconcile prior evidence; review or replace as needed
branforth,body,swim-distress-north,water,6,character/chief-engineer-branforth-v2/packs/bare-256x256-p128.0-128.0/manifest.json,92556216637742b2583b25b68a83b15c85c6f198e5e355fe2e0d2b6d3f4672d9,needs-evidence-reconciliation,,Reconcile prior evidence; review or replace as needed
branforth,body,swim-distress-south,water,6,character/chief-engineer-branforth-v2/packs/bare-256x256-p128.0-128.0/manifest.json,cf5cb411155d8609f7b5a81d22f127f5c3e10e5aa007c1157ab0a931d7571fbb,needs-evidence-reconciliation,,Reconcile prior evidence; review or replace as needed
branforth,body,swim-distress-west,water,6,character/chief-engineer-branforth-v2/packs/bare-256x256-p128.0-128.0/manifest.json,597a3bba0b51c67236607f296d2eb6a1a3dfe6fe9f1a13118e6eba894e41bec1,needs-evidence-reconciliation,,Reconcile prior evidence; review or replace as needed
branforth,body,swim-east,water,6,character/chief-engineer-branforth-v2/packs/bare-208x184-p122.0-88.0/manifest.json,b3482f042796dc441a83221d7844e0c1d8538a90e451e9dabbd90b60249f8aef,needs-evidence-reconciliation,,Reconcile prior evidence; review or replace as needed
branforth,body,swim-north,water,6,character/chief-engineer-branforth-v2/packs/bare-208x224-p104.0-72.0/manifest.json,30410a1739e23c3468ddb91636c6d98b78a37ea7993786c75c92cbc8c45284ba,needs-evidence-reconciliation,,Reconcile prior evidence; review or replace as needed
branforth,body,swim-pickup-east,water,6,character/chief-engineer-branforth-v2/packs/bare-256x256-p128.0-128.0/manifest.json,f8fe7e4a842a38729b0b34afa2b57c210afef8d511a2391b4b077f19479e2762,needs-evidence-reconciliation,,Reconcile prior evidence; review or replace as needed
branforth,body,swim-pickup-north,water,6,character/chief-engineer-branforth-v2/packs/bare-256x256-p128.0-128.0/manifest.json,2505ab04c0c9641355903ef826eef6f3f51ce6c267e3aabc354e0bfc3c065036,needs-evidence-reconciliation,,Reconcile prior evidence; review or replace as needed
branforth,body,swim-pickup-south,water,6,character/chief-engineer-branforth-v2/packs/bare-256x256-p128.0-128.0/manifest.json,73640b58c4902d98886b3eeeceaf59f90c584efcd234aabb5f26f1a7493fa8e4,needs-evidence-reconciliation,,Reconcile prior evidence; review or replace as needed
branforth,body,swim-pickup-west,water,6,character/chief-engineer-branforth-v2/packs/bare-256x256-p128.0-128.0/manifest.json,f802e59aba5d7e8ad19c967cd432390de36556b2fa7401bcafc24446da0dbb9b,needs-evidence-reconciliation,,Reconcile prior evidence; review or replace as needed
branforth,body,swim-south,water,6,character/chief-engineer-branforth-v2/packs/bare-208x224-p104.0-152.0/manifest.json,359fc609efd522b78df6f0b66b1570d4952221ea3251708d1654fea214aec5b3,needs-evidence-reconciliation,,Reconcile prior evidence; review or replace as needed
branforth,body,swim-start-east,water,6,character/chief-engineer-branforth-v2/packs/bare-256x256-p128.0-128.0/manifest.json,7fc09e5f6a7c3278dcda3a6457b43759559a461d3ba0e190924aa2296b7d6136,needs-evidence-reconciliation,,Reconcile prior evidence; review or replace as needed
branforth,body,swim-start-north,water,6,character/chief-engineer-branforth-v2/packs/bare-256x276-p128.0-128.0/manifest.json,0b596b8e07afbfac82bec5b4388d2416bab40f5dba65e37c63b6ba41fe4f797e,needs-evidence-reconciliation,,Reconcile prior evidence; review or replace as needed
branforth,body,swim-start-south,water,6,character/chief-engineer-branforth-v2/packs/bare-256x256-p128.0-128.0/manifest.json,67e245f5adfc5036874d8aff7c0c34990edb74fc90b38e81c2a1e2d2997b0310,needs-evidence-reconciliation,,Reconcile prior evidence; review or replace as needed
branforth,body,swim-start-west,water,6,character/chief-engineer-branforth-v2/packs/bare-256x256-p128.0-128.0/manifest.json,665c69d01c73ef95c265005ebda7da16186f36f1f30a03251c29537ec6939630,needs-evidence-reconciliation,,Reconcile prior evidence; review or replace as needed
branforth,body,swim-stop-east,water,6,character/chief-engineer-branforth-v2/packs/bare-256x256-p128.0-128.0/manifest.json,526d908cb40952b660ad8c12cb6eba03021e540a4b3704a2fde7c37e415f6dee,needs-evidence-reconciliation,,Reconcile prior evidence; review or replace as needed
branforth,body,swim-stop-north,water,6,character/chief-engineer-branforth-v2/packs/bare-256x276-p128.0-128.0/manifest.json,5208cf603874cfd763be8d68440e3b84a3a7d7ebdcc6329c4f5e21a5d6f1c7a8,needs-evidence-reconciliation,,Reconcile prior evidence; review or replace as needed
branforth,body,swim-stop-south,water,6,character/chief-engineer-branforth-v2/packs/bare-256x256-p128.0-128.0/manifest.json,b6200aae4605829c182468f01bd3ad6bbe47ea3c008bd24b4447b3867f4f71ea,needs-evidence-reconciliation,,Reconcile prior evidence; review or replace as needed
branforth,body,swim-stop-west,water,6,character/chief-engineer-branforth-v2/packs/bare-256x256-p128.0-128.0/manifest.json,93433e8f2eebdf3f39c6d8a1b51380929885cece2235e10927c48dacb21fc329,needs-evidence-reconciliation,,Reconcile prior evidence; review or replace as needed
branforth,body,swim-turn-east-north,water,6,character/chief-engineer-branforth-v2/packs/bare-256x276-p128.0-128.0/manifest.json,6420eab89187a25f60e118a7abd40180a90e4bf4112512f509aa8129c67ee044,needs-evidence-reconciliation,,Reconcile prior evidence; review or replace as needed
branforth,body,swim-turn-east-south,water,6,character/chief-engineer-branforth-v2/packs/bare-256x256-p128.0-128.0/manifest.json,844646379582881d927f1d925263450234a701f73af8bf63460a7049e0a3489c,needs-evidence-reconciliation,,Reconcile prior evidence; review or replace as needed
branforth,body,swim-turn-east-west,water,12,character/chief-engineer-branforth-v2/packs/bare-256x256-p128.0-128.0/manifest.json,b2834f67d32f991425c62263fca51b9b4a53e86ad4d49252d82bb98aa911dded,needs-evidence-reconciliation,,Reconcile prior evidence; review or replace as needed
branforth,body,swim-turn-north-east,water,6,character/chief-engineer-branforth-v2/packs/bare-256x276-p128.0-128.0/manifest.json,29350d260daa0ac53b3d1e7008e2888cdc0c5f4666565edbcaf2582bfb877f0e,needs-evidence-reconciliation,,Reconcile prior evidence; review or replace as needed
branforth,body,swim-turn-north-south,water,12,character/chief-engineer-branforth-v2/packs/bare-256x276-p128.0-128.0/manifest.json,2fd664e708d32cd93a7f636e8fdf4e067d55ed2a384b611147b81532a6f0f91a,needs-evidence-reconciliation,,Reconcile prior evidence; review or replace as needed
branforth,body,swim-turn-north-west,water,6,character/chief-engineer-branforth-v2/packs/bare-256x276-p128.0-128.0/manifest.json,b72df7b8176b4c0bebda8583c9ab7d50d1f4766d787ceea72191466fa4380712,needs-evidence-reconciliation,,Reconcile prior evidence; review or replace as needed
branforth,body,swim-turn-south-east,water,6,character/chief-engineer-branforth-v2/packs/bare-256x256-p128.0-128.0/manifest.json,c7e26d165645d9e76cdcb511ab439016c0e35ac9155eede81dc2a81f646126e5,needs-evidence-reconciliation,,Reconcile prior evidence; review or replace as needed
branforth,body,swim-turn-south-north,water,12,character/chief-engineer-branforth-v2/packs/bare-256x276-p128.0-128.0/manifest.json,3b99c4ae94b3ae0d522f6147b16a9494ef9c1a36af16447d4676459c2cfedd41,needs-evidence-reconciliation,,Reconcile prior evidence; review or replace as needed
branforth,body,swim-turn-south-west,water,6,character/chief-engineer-branforth-v2/packs/bare-256x256-p128.0-128.0/manifest.json,f0c35b76511fae10682618a74517e8e154a111ba66e1bb3fff61f79fa3fcf6b9,needs-evidence-reconciliation,,Reconcile prior evidence; review or replace as needed
branforth,body,swim-turn-west-east,water,12,character/chief-engineer-branforth-v2/packs/bare-256x276-p128.0-128.0/manifest.json,22d58ce26100a254b5eba3cab642d74aa55e36feea57eeb464305efd1e4ec1db,needs-evidence-reconciliation,,Reconcile prior evidence; review or replace as needed
branforth,body,swim-turn-west-north,water,6,character/chief-engineer-branforth-v2/packs/bare-256x276-p128.0-128.0/manifest.json,50a6189a07f1dcf46724e2d75e49c5bedab5e46a9abab2f3d5249a19cb72c687,needs-evidence-reconciliation,,Reconcile prior evidence; review or replace as needed
branforth,body,swim-turn-west-south,water,6,character/chief-engineer-branforth-v2/packs/bare-256x256-p128.0-128.0/manifest.json,87acfe6bcc1e50a3493d1bdd8898416ddbd399c82d56041066d706599ca6219f,needs-evidence-reconciliation,,Reconcile prior evidence; review or replace as needed
branforth,body,swim-west,water,6,character/chief-engineer-branforth-v2/packs/bare-208x184-p86.0-88.0/manifest.json,15d8d2fe0c144b427cb7293b6854d195b91588d0786c1b1de1942f509133e563,needs-evidence-reconciliation,,Reconcile prior evidence; review or replace as needed
branforth,body,torch-draw-east,other-motion-and-transitions,6,character/chief-engineer-branforth-v2/packs/bare-256x256-p128.0-224.0/manifest.json,cc800f48033695230f9d3498f0a9ae0a5e4a54ae7b3862f4ff3f94a1772a02b0,needs-evidence-reconciliation,,Reconcile prior evidence; review or replace as needed
branforth,body,torch-draw-north,other-motion-and-transitions,6,character/chief-engineer-branforth-v2/packs/bare-256x256-p128.0-224.0/manifest.json,10299e10ec719cf98bbcfdf5db8b43f9d323c012bde49e1559e886fd8ea80eaf,needs-evidence-reconciliation,,Reconcile prior evidence; review or replace as needed
branforth,body,torch-draw-south,other-motion-and-transitions,6,character/chief-engineer-branforth-v2/packs/bare-256x256-p128.0-224.0/manifest.json,ac2c82bad02adfb33442afa73ecf4c3b203240e984d5785ac1441040f387ef48,needs-evidence-reconciliation,,Reconcile prior evidence; review or replace as needed
branforth,body,torch-draw-west,other-motion-and-transitions,6,character/chief-engineer-branforth-v2/packs/bare-256x256-p128.0-224.0/manifest.json,681dbc50b5932c1cfb50105edc345ef9ab334b3482c728d9efeef759382ae3a5,needs-evidence-reconciliation,,Reconcile prior evidence; review or replace as needed
branforth,body,torch-stow-east,other-motion-and-transitions,6,character/chief-engineer-branforth-v2/packs/bare-256x256-p128.0-224.0/manifest.json,f1cc351f4066420a6dae3ee2088a95d020c7be95ffbe98800d7e6de4060a11c2,needs-evidence-reconciliation,,Reconcile prior evidence; review or replace as needed
branforth,body,torch-stow-north,other-motion-and-transitions,6,character/chief-engineer-branforth-v2/packs/bare-256x256-p128.0-224.0/manifest.json,4c789331e1ae5fe95eafa44663e03284bc8a776e7ef1750095754266001e8d4b,needs-evidence-reconciliation,,Reconcile prior evidence; review or replace as needed
branforth,body,torch-stow-south,other-motion-and-transitions,6,character/chief-engineer-branforth-v2/packs/bare-256x256-p128.0-224.0/manifest.json,87b6238f0cc1a08f58a4a9c3ac25bb26f8a32e7a1c06d87df42b389d9bb76aae,needs-evidence-reconciliation,,Reconcile prior evidence; review or replace as needed
branforth,body,torch-stow-west,other-motion-and-transitions,6,character/chief-engineer-branforth-v2/packs/bare-256x256-p128.0-224.0/manifest.json,807e374cd27972068f48ee883cacbea7dabcd3345133e2560391789ffba2f69a,needs-evidence-reconciliation,,Reconcile prior evidence; review or replace as needed
branforth,body,tread-east,water,6,character/chief-engineer-branforth-v2/packs/bare-184x184-p92.0-70.0/manifest.json,59b7f21331902ff7c0bc07b072d6b5ee83da66c9dfcb06b6383bd5be1caa6b04,needs-evidence-reconciliation,,Reconcile prior evidence; review or replace as needed
branforth,body,tread-north,water,6,character/chief-engineer-branforth-v2/packs/bare-184x184-p92.0-70.0/manifest.json,f7e9ed285e141f5827a8ad7d5faa7e180ff1b50b9b9c2b0812087bbd53b3f173,needs-evidence-reconciliation,,Reconcile prior evidence; review or replace as needed
branforth,body,tread-south,water,6,character/chief-engineer-branforth-v2/packs/bare-184x184-p92.0-70.0/manifest.json,86eb3ee43d5a9652e537457b81c50e1f802b03ffced162239cdda312608f6b2e,needs-evidence-reconciliation,,Reconcile prior evidence; review or replace as needed
branforth,body,tread-west,water,6,character/chief-engineer-branforth-v2/packs/bare-184x184-p92.0-70.0/manifest.json,e38b06411dcfb0cefcfacb23fa7768a887c8ff51f173694c43dc9f8f605fd597,needs-evidence-reconciliation,,Reconcile prior evidence; review or replace as needed
branforth,body,unload-east,other-motion-and-transitions,6,character/chief-engineer-branforth-v2/packs/bare-256x256-p128.0-224.0/manifest.json,dda17d0fc9e90cb369c7761a8bc78442650cdd661e2a5a9343db55990ef0a955,needs-evidence-reconciliation,,Reconcile prior evidence; review or replace as needed
branforth,body,unload-north,other-motion-and-transitions,6,character/chief-engineer-branforth-v2/packs/bare-256x256-p128.0-224.0/manifest.json,70247ed97ac55092efbc7efbbe479dd1d5c81a4d93378ceb0cfa105defd8be74,needs-evidence-reconciliation,,Reconcile prior evidence; review or replace as needed
branforth,body,unload-south,other-motion-and-transitions,6,character/chief-engineer-branforth-v2/packs/bare-256x256-p128.0-224.0/manifest.json,d09dc352aa7e58330577072e6a12126ab1cc4d514e429b5f2954f7ab3e5f6021,needs-evidence-reconciliation,,Reconcile prior evidence; review or replace as needed
branforth,body,unload-west,other-motion-and-transitions,6,character/chief-engineer-branforth-v2/packs/bare-256x256-p128.0-224.0/manifest.json,707e939f1c3db6f4024dce67c6b62f67650216e5d5839da4739b0c1ecdb17068,needs-evidence-reconciliation,,Reconcile prior evidence; review or replace as needed
branforth,body,walk-east,other-motion-and-transitions,6,character/chief-engineer-branforth-v2/packs/bare-184x184-p92.0-172.0/manifest.json,56ae9d694b5bad721272e405f1bd0c4526920b29ccc3ffe3b0cc98a6a46ab029,whole-body-gait-selected-live-walk-reviewed,character/branforth-motion-polish-v1/review/walk-east-video-cycle-01/paired-contact.png; output/crew-replacement-2026-09-12/branforth/east-video-walk-selected-native.log; output/crew-replacement-2026-09-12/branforth/east-video-walk-validation.log; output/crew-replacement-2026-09-12/branforth/east-video-walk-live-bare-padded.log; output/crew-replacement-2026-09-12/branforth/east-video-walk-live-helmet-padded.log; output/crew-replacement-2026-09-12/branforth/east-meter-format-regression.log,Review broader starts/stops and transitions into older action art; owner acceptance remains open.
branforth,body,walk-north,other-motion-and-transitions,6,character/chief-engineer-branforth-v2/packs/bare-184x184-p92.0-172.0/manifest.json,2ac03c4b858783bc4a3ad1145473cb9c368dc12ccaa8132fe89fab3dd6f7076d,whole-body-gait-selected-live-walk-reviewed,docs/HANDOFF_BRANFORTH_MOTION_2026-09-12.md; output/crew-replacement-2026-09-12/branforth/north-video-walk-selected-native.log; output/crew-replacement-2026-09-12/branforth/north-video-walk-live-bare-padded.log; output/crew-replacement-2026-09-12/branforth/north-meter-format-regression.log,Review broader starts/stops and transitions into older action art; owner acceptance remains open.
branforth,body,walk-south,other-motion-and-transitions,6,character/chief-engineer-branforth-v2/packs/bare-184x184-p92.0-172.0/manifest.json,2987c45ac0d34d3baa5b64415a612ff50953c1d11faff278fbf9e92c5d91267b,whole-body-gait-selected-live-walk-reviewed,docs/HANDOFF_BRANFORTH_MOTION_2026-09-12.md; output/crew-replacement-2026-09-12/branforth/south-video-walk-selected-native.log; output/crew-replacement-2026-09-12/branforth/south-video-walk-live-bare-padded.log; output/crew-replacement-2026-09-12/branforth/south-meter-format-regression.log,Review broader starts/stops and transitions into older action art; owner acceptance remains open.
branforth,body,walk-west,other-motion-and-transitions,6,character/chief-engineer-branforth-v2/packs/bare-184x184-p92.0-172.0/manifest.json,95241d8b2ca080fdc6a8f2207612367147042018ea5da210ae94f76f23339f8b,whole-body-gait-selected-live-walk-reviewed,docs/HANDOFF_BRANFORTH_MOTION_2026-09-12.md; output/crew-replacement-2026-09-12/branforth/west-meter-walk-selected-native.log; output/crew-replacement-2026-09-12/branforth/west-meter-walk-live-bare.log,Review broader starts/stops and transitions into older action art; owner acceptance remains open.
branforth,body,weld-east,other-motion-and-transitions,6,character/chief-engineer-branforth-v2/packs/bare-184x184-p92.0-172.0/manifest.json,dcb76e49c3d71a39a2fc53f62d2b6f708306d5b7b78e60605d1ab90b0a7b9934,needs-evidence-reconciliation,,Reconcile prior evidence; review or replace as needed
branforth,body,weld-north,other-motion-and-transitions,6,character/chief-engineer-branforth-v2/packs/bare-184x184-p92.0-172.0/manifest.json,59313a670cae127176a6bb3073b4447340810547fb62317e03d02bf554f8d546,needs-evidence-reconciliation,,Reconcile prior evidence; review or replace as needed
branforth,body,weld-south,other-motion-and-transitions,6,character/chief-engineer-branforth-v2/packs/bare-184x184-p92.0-172.0/manifest.json,b961cc52cebe35ae8398da446e47f3eb346099b591898733139e98d1d33dfe2c,needs-evidence-reconciliation,,Reconcile prior evidence; review or replace as needed
branforth,body,weld-west,other-motion-and-transitions,6,character/chief-engineer-branforth-v2/packs/bare-184x184-p92.0-172.0/manifest.json,edb60b22746ac6bd0aa9ae51bb6e84c39f85828debbbd42e00dd0a3b0b21c4e5,needs-evidence-reconciliation,,Reconcile prior evidence; review or replace as needed
branforth,equipment,carry-east,other-motion-and-transitions,6,character/chief-engineer-branforth-v2/packs/helmet-256x256-p128.0-224.0/manifest.json,71c368da61527b40d01e20b312df2a08aa22fa223bb6c1c7ae33dea21e6e2eed,needs-evidence-reconciliation,,Reconcile prior evidence; review or replace as needed
branforth,equipment,carry-north,other-motion-and-transitions,6,character/chief-engineer-branforth-v2/packs/helmet-256x256-p128.0-224.0/manifest.json,f3e3b2f470e86c9bd9909a3d5df253c0c44257094ff192e07eeae84ee3e1be53,needs-evidence-reconciliation,,Reconcile prior evidence; review or replace as needed
branforth,equipment,carry-south,other-motion-and-transitions,6,character/chief-engineer-branforth-v2/packs/helmet-256x256-p128.0-224.0/manifest.json,001a49e6c54008bc855da003e19b2886d3019a646e2d4127ea31c27844eebd09,needs-evidence-reconciliation,,Reconcile prior evidence; review or replace as needed
branforth,equipment,carry-turn-east-north,other-motion-and-transitions,6,character/chief-engineer-branforth-v2/packs/helmet-256x256-p128.0-224.0/manifest.json,3a7d08135a21356f6ffdeaea5c95a9ea6cec72fd0bc98a5ee2ed4661163e68a6,needs-evidence-reconciliation,,Reconcile prior evidence; review or replace as needed
branforth,equipment,carry-turn-east-south,other-motion-and-transitions,6,character/chief-engineer-branforth-v2/packs/helmet-256x256-p128.0-224.0/manifest.json,3807931baf14b0e4525cfa4640d5a55bc5a029416495bd96c6bbd44e04612a24,needs-evidence-reconciliation,,Reconcile prior evidence; review or replace as needed
branforth,equipment,carry-turn-east-west,other-motion-and-transitions,12,character/chief-engineer-branforth-v2/packs/helmet-256x256-p128.0-224.0/manifest.json,47f582ac360e88811e6613f16d0569f8f5863960b240ab480911801425902957,needs-evidence-reconciliation,,Reconcile prior evidence; review or replace as needed
branforth,equipment,carry-turn-north-east,other-motion-and-transitions,6,character/chief-engineer-branforth-v2/packs/helmet-256x256-p128.0-224.0/manifest.json,078063cf56de50e39f4115a75250f757bcadd6516ada312a1e2f65ea5dea71d6,needs-evidence-reconciliation,,Reconcile prior evidence; review or replace as needed
branforth,equipment,carry-turn-north-south,other-motion-and-transitions,12,character/chief-engineer-branforth-v2/packs/helmet-256x256-p128.0-224.0/manifest.json,fa92325983e0613efced2374c3657e0a58e72f54fb7877936e8ad69b3da6d332,needs-evidence-reconciliation,,Reconcile prior evidence; review or replace as needed
branforth,equipment,carry-turn-north-west,other-motion-and-transitions,6,character/chief-engineer-branforth-v2/packs/helmet-256x256-p128.0-224.0/manifest.json,3c7bd094c933a3055733670066eacae3fda72ebdbae901885ac9a95bbdeecb36,needs-evidence-reconciliation,,Reconcile prior evidence; review or replace as needed
branforth,equipment,carry-turn-south-east,other-motion-and-transitions,6,character/chief-engineer-branforth-v2/packs/helmet-256x256-p128.0-224.0/manifest.json,0ae65d16923308b5e4931858bf4aff41a9eb096cc1413dd43cf1546babcd522e,needs-evidence-reconciliation,,Reconcile prior evidence; review or replace as needed
branforth,equipment,carry-turn-south-north,other-motion-and-transitions,12,character/chief-engineer-branforth-v2/packs/helmet-256x256-p128.0-224.0/manifest.json,9c96c231ff64831f392a4b4aad83eef0ca4e8e7b9aa97b121ee0093bf9a25880,needs-evidence-reconciliation,,Reconcile prior evidence; review or replace as needed
branforth,equipment,carry-turn-south-west,other-motion-and-transitions,6,character/chief-engineer-branforth-v2/packs/helmet-256x256-p128.0-224.0/manifest.json,e50bc32736113b3504b593b36f69715f33e8e0dd410c5a39453aa2ec49b8c1f5,needs-evidence-reconciliation,,Reconcile prior evidence; review or replace as needed
branforth,equipment,carry-turn-west-east,other-motion-and-transitions,12,character/chief-engineer-branforth-v2/packs/helmet-256x256-p128.0-224.0/manifest.json,e086d5e9ebb3070e8ea3602d76f4f16babcf2fb60166fc85514b3071b931af8f,needs-evidence-reconciliation,,Reconcile prior evidence; review or replace as needed
branforth,equipment,carry-turn-west-north,other-motion-and-transitions,6,character/chief-engineer-branforth-v2/packs/helmet-256x256-p128.0-224.0/manifest.json,74b3f551762ac73e9c6afb9d7b4fd72ac361c4c8bdee4cb9f08c7af6e094ecc8,needs-evidence-reconciliation,,Reconcile prior evidence; review or replace as needed
branforth,equipment,carry-turn-west-south,other-motion-and-transitions,6,character/chief-engineer-branforth-v2/packs/helmet-256x256-p128.0-224.0/manifest.json,371284bda5a719d51e7b67f9bfb4a311d05b0d8dd5b712b8123d94d3809b6c6b,needs-evidence-reconciliation,,Reconcile prior evidence; review or replace as needed
branforth,equipment,carry-west,other-motion-and-transitions,6,character/chief-engineer-branforth-v2/packs/helmet-256x256-p128.0-224.0/manifest.json,755fa179f1e66a0168ff76b947e190281902796b6adaf80266ffce599db5305c,needs-evidence-reconciliation,,Reconcile prior evidence; review or replace as needed
branforth,equipment,death-ground-east,death,6,character/chief-engineer-branforth-v2/packs/helmet-184x184-p92.0-172.0/manifest.json,071fa2e733d794b00cafcbfad9455d87edddaac4c8170099656689bc6585d82b,review-rework-pending,,Repair batch active; review authored identity/motion and fitted equipment
branforth,equipment,death-ground-north,death,6,character/chief-engineer-branforth-v2/packs/helmet-256x256-p128.0-224.0/manifest.json,582c983c918b46ebf9bfebc06524d31548a7264dcc6a8d490c7795985038e92b,review-rework-pending,,Repair batch active; review authored identity/motion and fitted equipment
branforth,equipment,death-ground-south,death,6,character/chief-engineer-branforth-v2/packs/helmet-256x256-p128.0-224.0/manifest.json,bb45c59c994623b4828fd41476ada908d9b340e818ef606688b945c88a49b149,review-rework-pending,,Repair batch active; review authored identity/motion and fitted equipment
branforth,equipment,death-ground-west,death,6,character/chief-engineer-branforth-v2/packs/helmet-256x256-p128.0-224.0/manifest.json,8135a9f12194b23608a435e42e7e8f6a3fbcfcadbf87f805138a730955e77b92,review-rework-pending,,Repair batch active; review authored identity/motion and fitted equipment
branforth,equipment,death-water-east,death,6,character/chief-engineer-branforth-v2/packs/helmet-184x184-p122.0-88.0/manifest.json,24d91ac38215b338782ba2ae859d1c595d1347d6533a2f10e168b59fd5c34169,review-rework-pending,,Repair batch active; review authored identity/motion and fitted equipment
branforth,equipment,death-water-north,death,6,character/chief-engineer-branforth-v2/packs/helmet-256x256-p128.0-128.0/manifest.json,afc2c90ead88f488e6758e6aa9c39a94c1aba24d5afc9e608dc3d820bcaf132f,review-rework-pending,,Repair batch active; review authored identity/motion and fitted equipment
branforth,equipment,death-water-south,death,6,character/chief-engineer-branforth-v2/packs/helmet-256x256-p128.0-128.0/manifest.json,6293c31bef96cf4bf629efe03bc1615074a26dedeab3e2ed840a7422478e6f89,review-rework-pending,,Repair batch active; review authored identity/motion and fitted equipment
branforth,equipment,death-water-west,death,6,character/chief-engineer-branforth-v2/packs/helmet-256x256-p128.0-128.0/manifest.json,5ac2d023ff593f35311823ee11e4c319152efe8427f3a536214633f73b7736f5,review-rework-pending,,Repair batch active; review authored identity/motion and fitted equipment
branforth,equipment,drink-east,daily-life,6,character/chief-engineer-branforth-v2/packs/helmet-256x256-p128.0-224.0/manifest.json,b951833216aa895c21af1f8ae8c68ddc56330dcdd00ff22017fa2774bbe9fb59,review-rework-pending,,Repair batch active; review authored identity/motion and fitted equipment
branforth,equipment,drink-north,daily-life,6,character/chief-engineer-branforth-v2/packs/helmet-256x256-p128.0-224.0/manifest.json,9d8774ca17c2f63cc28eddbd0d73f662ae3580acc9ae6bd0c20d7c6cf04da486,review-rework-pending,,Repair batch active; review authored identity/motion and fitted equipment
branforth,equipment,drink-south,daily-life,6,character/chief-engineer-branforth-v2/packs/helmet-256x256-p128.0-224.0/manifest.json,9c5bf5f84ff56b4af3f39611786e35f87047200a6646e174ee81fd1e9a050b5b,review-rework-pending,,Repair batch active; review authored identity/motion and fitted equipment
branforth,equipment,drink-west,daily-life,6,character/chief-engineer-branforth-v2/packs/helmet-256x256-p128.0-224.0/manifest.json,c52f6a5b1a175aedf273b6466d6d66f2182189db34bd838203ae8d7648ab6800,review-rework-pending,,Repair batch active; review authored identity/motion and fitted equipment
branforth,equipment,eat-east,daily-life,6,character/chief-engineer-branforth-v2/packs/helmet-256x256-p128.0-224.0/manifest.json,05bf21832deeec6aa5f5854fb591e786988f6a5f774a336f27d38e2f66df5de4,review-rework-pending,,Repair batch active; review authored identity/motion and fitted equipment
branforth,equipment,eat-north,daily-life,6,character/chief-engineer-branforth-v2/packs/helmet-256x256-p128.0-224.0/manifest.json,e25e17f08f500af983cb36ae8b80db38b7b55035afdf68edc64f3aea43f73ef3,review-rework-pending,,Repair batch active; review authored identity/motion and fitted equipment
branforth,equipment,eat-south,daily-life,6,character/chief-engineer-branforth-v2/packs/helmet-256x256-p128.0-224.0/manifest.json,f45d5dbc68d641fcc8f0facb0710e38f5cb2af459ce968a1b84661d5a4788dae,review-rework-pending,,Repair batch active; review authored identity/motion and fitted equipment
branforth,equipment,eat-west,daily-life,6,character/chief-engineer-branforth-v2/packs/helmet-256x256-p128.0-224.0/manifest.json,fd460d09760ec2b48bc6760d7ac73d4aa3b5afab570b013757c02751fe97daf9,review-rework-pending,,Repair batch active; review authored identity/motion and fitted equipment
branforth,equipment,get-up-east,other-motion-and-transitions,6,character/chief-engineer-branforth-v2/packs/helmet-256x256-p128.0-224.0/manifest.json,6bf5c42633415fdbfe6dc397f0f2cf425334a8dbcee41100575ada66686ba751,needs-evidence-reconciliation,,Reconcile prior evidence; review or replace as needed
branforth,equipment,get-up-north,other-motion-and-transitions,6,character/chief-engineer-branforth-v2/packs/helmet-256x256-p128.0-224.0/manifest.json,32b45c13d2f93648a11479bd61a393adec127fb17360d4adf52831d188cc05f7,needs-evidence-reconciliation,,Reconcile prior evidence; review or replace as needed
branforth,equipment,get-up-south,other-motion-and-transitions,6,character/chief-engineer-branforth-v2/packs/helmet-256x256-p128.0-224.0/manifest.json,bc16ada583bcfd4b315cd7b4ece8f72ca312b5e50663e87ecd3c84b90c6604a2,needs-evidence-reconciliation,,Reconcile prior evidence; review or replace as needed
branforth,equipment,get-up-west,other-motion-and-transitions,6,character/chief-engineer-branforth-v2/packs/helmet-256x256-p128.0-224.0/manifest.json,2a7dd5c9d6b66237bf3babf64ea883293531dd5992f6cc9d779633b5fe9bbcf9,needs-evidence-reconciliation,,Reconcile prior evidence; review or replace as needed
branforth,equipment,idle-east,other-motion-and-transitions,6,character/chief-engineer-branforth-v2/packs/helmet-184x184-p92.0-172.0/manifest.json,cb104c128154c79e651131c084cc9ce7b3c9a8b242217ec1af7de76033d9c451,needs-evidence-reconciliation,,Reconcile prior evidence; review or replace as needed
branforth,equipment,idle-north,other-motion-and-transitions,6,character/chief-engineer-branforth-v2/packs/helmet-184x184-p92.0-172.0/manifest.json,05f9af89efd54738ceb5fc49a69760afc40a0584a0c7a5a8ef8bf638b4a587bc,needs-evidence-reconciliation,,Reconcile prior evidence; review or replace as needed
branforth,equipment,idle-south,other-motion-and-transitions,6,character/chief-engineer-branforth-v2/packs/helmet-184x184-p92.0-172.0/manifest.json,6b008770995e485a0a68d3462ce3de9934040fc7f666c76381e2910c69cf0e0e,needs-evidence-reconciliation,,Reconcile prior evidence; review or replace as needed
branforth,equipment,idle-west,other-motion-and-transitions,6,character/chief-engineer-branforth-v2/packs/helmet-184x184-p92.0-172.0/manifest.json,1a7c9327b76e86a7a83a9d516fb1d6cf74dfc82f21c46501aa30ac33800e99a4,needs-evidence-reconciliation,,Reconcile prior evidence; review or replace as needed
branforth,equipment,inspect-east,other-motion-and-transitions,6,character/chief-engineer-branforth-v2/packs/helmet-256x256-p128.0-224.0/manifest.json,449a820857b0727574de4530807007848fec62d85694ecebcb1e710d6f1d6ef3,needs-evidence-reconciliation,,Reconcile prior evidence; review or replace as needed
branforth,equipment,inspect-north,other-motion-and-transitions,6,character/chief-engineer-branforth-v2/packs/helmet-256x256-p128.0-224.0/manifest.json,d7232da39a2e51ef59c7610569f037b63df263605c129737fecba9cd7508af89,needs-evidence-reconciliation,,Reconcile prior evidence; review or replace as needed
branforth,equipment,inspect-south,other-motion-and-transitions,6,character/chief-engineer-branforth-v2/packs/helmet-256x256-p128.0-224.0/manifest.json,cf7058b919a5e4c4808eb6ffcad6e1215ac0b7d660342b99aae72bf4d473be2b,needs-evidence-reconciliation,,Reconcile prior evidence; review or replace as needed
branforth,equipment,inspect-west,other-motion-and-transitions,6,character/chief-engineer-branforth-v2/packs/helmet-256x256-p128.0-224.0/manifest.json,dcbd28f3d0cd4f4557adf1b7e38f3326913ac5fee847eb92c087c24842d8aa36,needs-evidence-reconciliation,,Reconcile prior evidence; review or replace as needed
branforth,equipment,interact-east,instrument,6,character/chief-engineer-branforth-v2/packs/helmet-184x184-p92.0-172.0/manifest.json,ecc8617238ed5e2d4847d3ebaee35cc4c6c84ac981ef5418e60751d92a78c7b2,selected-clip-reviewed-live-context-pending,docs/CREW_ACTION_REVIEW_2026-09-12.md; native instrument study and selected-source logs in output/crew-replacement-2026-09-12/branforth,"Review continuous live workplace entry, action and exit"
branforth,equipment,interact-north,instrument,6,character/chief-engineer-branforth-v2/packs/helmet-256x256-p128.0-224.0/manifest.json,b27c3e5ebff3831c178442c6426aa4e1b86195120c923febbf0e252237a7244e,selected-clip-reviewed-live-context-pending,docs/CREW_ACTION_REVIEW_2026-09-12.md; native instrument study and selected-source logs in output/crew-replacement-2026-09-12/branforth,"Review continuous live workplace entry, action and exit"
branforth,equipment,interact-south,instrument,6,character/chief-engineer-branforth-v2/packs/helmet-256x256-p128.0-224.0/manifest.json,4dfb6645012a2694e7ea3cce8909aa3858cc80eab3b95ed86cb03cd61f030942,selected-clip-reviewed-live-context-pending,docs/CREW_ACTION_REVIEW_2026-09-12.md; native instrument study and selected-source logs in output/crew-replacement-2026-09-12/branforth,"Review continuous live workplace entry, action and exit"
branforth,equipment,interact-west,instrument,6,character/chief-engineer-branforth-v2/packs/helmet-256x256-p128.0-224.0/manifest.json,59a55cbea2dfdbe3f6ddc59155a60a9e58832f1ecb8d0b2374a4a2624e631b95,selected-clip-reviewed-live-context-pending,docs/CREW_ACTION_REVIEW_2026-09-12.md; native instrument study and selected-source logs in output/crew-replacement-2026-09-12/branforth,"Review continuous live workplace entry, action and exit"
branforth,equipment,kneel-east,other-motion-and-transitions,6,character/chief-engineer-branforth-v2/packs/helmet-184x184-p92.0-172.0/manifest.json,f672b68dbbb5382e764019b4a56f8eae9559f31d378757d0d3389824c9852c9c,needs-evidence-reconciliation,,Reconcile prior evidence; review or replace as needed
branforth,equipment,kneel-north,other-motion-and-transitions,6,character/chief-engineer-branforth-v2/packs/helmet-256x256-p128.0-224.0/manifest.json,83734c6bb652cb75d6909a50fcdb578b4421d36209850ade3ddcd397e9263a0e,needs-evidence-reconciliation,,Reconcile prior evidence; review or replace as needed
branforth,equipment,kneel-south,other-motion-and-transitions,6,character/chief-engineer-branforth-v2/packs/helmet-256x256-p128.0-224.0/manifest.json,6e00ce07fb29f8d0c81286bc697ea350be1195821de8b25f5b18a766b75a2809,needs-evidence-reconciliation,,Reconcile prior evidence; review or replace as needed
branforth,equipment,kneel-west,other-motion-and-transitions,6,character/chief-engineer-branforth-v2/packs/helmet-256x256-p128.0-224.0/manifest.json,0e4201fd50afee28ca278bcf90ef15148c67395c3cc316e981774b792c283d56,needs-evidence-reconciliation,,Reconcile prior evidence; review or replace as needed
branforth,equipment,lie-down-east,other-motion-and-transitions,6,character/chief-engineer-branforth-v2/packs/helmet-256x256-p128.0-224.0/manifest.json,929a3078d8bd705050a075854527d0b3aba0f9e4417d05a4015bb5e291b445b4,needs-evidence-reconciliation,,Reconcile prior evidence; review or replace as needed
branforth,equipment,lie-down-north,other-motion-and-transitions,6,character/chief-engineer-branforth-v2/packs/helmet-256x256-p128.0-224.0/manifest.json,807e6313e0ea1d18e39cfc22fe3adeb8378ef53bf33c132c96af722659adfd4f,needs-evidence-reconciliation,,Reconcile prior evidence; review or replace as needed
branforth,equipment,lie-down-south,other-motion-and-transitions,6,character/chief-engineer-branforth-v2/packs/helmet-256x256-p128.0-224.0/manifest.json,24eb15c6aafecc367d08c088c005eda5228edfab168145e9069e60cda8587749,needs-evidence-reconciliation,,Reconcile prior evidence; review or replace as needed
branforth,equipment,lie-down-west,other-motion-and-transitions,6,character/chief-engineer-branforth-v2/packs/helmet-256x256-p128.0-224.0/manifest.json,dff7b442cad746bc2222f92ef529d0155f9e6ef936e5b134049ac163571e4d45,needs-evidence-reconciliation,,Reconcile prior evidence; review or replace as needed
branforth,equipment,pickup-east,other-motion-and-transitions,6,character/chief-engineer-branforth-v2/packs/helmet-256x256-p128.0-224.0/manifest.json,5c78f2ccd62b3694e08e3c3facd9acc3bc5a0b3d7cb100197f32e9ff294dd707,needs-evidence-reconciliation,,Reconcile prior evidence; review or replace as needed
branforth,equipment,pickup-north,other-motion-and-transitions,6,character/chief-engineer-branforth-v2/packs/helmet-256x256-p128.0-224.0/manifest.json,9f98aa5d39730111cc3ac3ff036529c003907aab1544a3645ddb2948e3301c96,needs-evidence-reconciliation,,Reconcile prior evidence; review or replace as needed
branforth,equipment,pickup-south,other-motion-and-transitions,6,character/chief-engineer-branforth-v2/packs/helmet-256x256-p128.0-224.0/manifest.json,370d55a9ca65ff389976010da1dd60cf9f7fb7e6a35f6a17fe7fe3bddf64e592,needs-evidence-reconciliation,,Reconcile prior evidence; review or replace as needed
branforth,equipment,pickup-west,other-motion-and-transitions,6,character/chief-engineer-branforth-v2/packs/helmet-256x256-p128.0-224.0/manifest.json,51a4a97845b1696f32c831adb70781656b14c402642e9e24d6f61007e7a61f68,needs-evidence-reconciliation,,Reconcile prior evidence; review or replace as needed
branforth,equipment,read-seated-east,daily-life,6,character/chief-engineer-branforth-v2/packs/helmet-256x256-p128.0-224.0/manifest.json,c997a34a16e8bc529d5081cdf557af55c7b3cb5c4c870745386311eb9618300a,review-rework-pending,,Repair batch active; review authored identity/motion and fitted equipment
branforth,equipment,read-seated-north,daily-life,6,character/chief-engineer-branforth-v2/packs/helmet-256x256-p128.0-224.0/manifest.json,b0406d41834bb0e4bf96c20b35636184ed6a3ec53033c3aec3e44500f590d30a,review-rework-pending,,Repair batch active; review authored identity/motion and fitted equipment
branforth,equipment,read-seated-south,daily-life,6,character/chief-engineer-branforth-v2/packs/helmet-256x256-p128.0-224.0/manifest.json,f9087b51085cc64c75f0b3c3e92b04fb8c670d6ee15453f45ef1b6e556b67b17,review-rework-pending,,Repair batch active; review authored identity/motion and fitted equipment
branforth,equipment,read-seated-west,daily-life,6,character/chief-engineer-branforth-v2/packs/helmet-256x256-p128.0-224.0/manifest.json,c16b1fd9e24a4d8c01b7720732d091a89f10f9646b624dfb45893c91c57706ce,review-rework-pending,,Repair batch active; review authored identity/motion and fitted equipment
branforth,equipment,recover-air-east,water,6,character/chief-engineer-branforth-v2/packs/helmet-256x256-p128.0-224.0/manifest.json,827c6d7db264bb87c06c948dc9242d80373908b6291cf62a98ac2dd2b1b7eaa4,needs-evidence-reconciliation,,Reconcile prior evidence; review or replace as needed
branforth,equipment,recover-air-north,water,6,character/chief-engineer-branforth-v2/packs/helmet-256x256-p128.0-224.0/manifest.json,fa7f018f1debf328528ad829f8e6c7a956895c28667d89bb4e715360ad4fd0c3,needs-evidence-reconciliation,,Reconcile prior evidence; review or replace as needed
branforth,equipment,recover-air-south,water,6,character/chief-engineer-branforth-v2/packs/helmet-256x256-p128.0-224.0/manifest.json,a9d72e85a467504a417b7c2a57185f44db0f4e1e7ec4c741b00e3d865f441d4e,needs-evidence-reconciliation,,Reconcile prior evidence; review or replace as needed
branforth,equipment,recover-air-west,water,6,character/chief-engineer-branforth-v2/packs/helmet-256x256-p128.0-224.0/manifest.json,0b229933c27cbe069dee4d1eed7962b5b923c2dc2c3672bdc13068e0bbcda1b5,needs-evidence-reconciliation,,Reconcile prior evidence; review or replace as needed
branforth,equipment,repair-east,repair,6,character/chief-engineer-branforth-v2/packs/helmet-184x184-p92.0-172.0/manifest.json,4fd4a085399478b48d609c375acfec10fab857e0394e121469bf1428eaa9139a,review-rework-pending,,Repair batch active; review authored identity/motion and fitted equipment
branforth,equipment,repair-north,repair,6,character/chief-engineer-branforth-v2/packs/helmet-256x256-p128.0-224.0/manifest.json,2fbfc34d0bcab3bf7e3ef7bfefc99325611567b7ee66e3908fb8fb89f1d0c202,review-rework-pending,,Repair batch active; review authored identity/motion and fitted equipment
branforth,equipment,repair-south,repair,6,character/chief-engineer-branforth-v2/packs/helmet-256x256-p128.0-224.0/manifest.json,f21583629b4352e8682613002e26007727b1b5f37a0439b07459564bec863e83,review-rework-pending,,Repair batch active; review authored identity/motion and fitted equipment
branforth,equipment,repair-west,repair,6,character/chief-engineer-branforth-v2/packs/helmet-256x256-p128.0-224.0/manifest.json,dd2bcefa7221b31607daa83cfde422a9243ce6db7cd4fa29020e43383dd5e097,review-rework-pending,,Repair batch active; review authored identity/motion and fitted equipment
branforth,equipment,salvage-east,water,6,character/chief-engineer-branforth-v2/packs/helmet-256x256-p128.0-128.0/manifest.json,25636e0eb9aaddefb7c8c210fe26db11feed63fb30dab29c9fd294c100130be2,needs-evidence-reconciliation,,Reconcile prior evidence; review or replace as needed
branforth,equipment,salvage-north,water,6,character/chief-engineer-branforth-v2/packs/helmet-256x256-p128.0-128.0/manifest.json,e72a77fdeb109cdeb27b7f3133023f631f42685c867a4c08d0473f8d4eafaf86,needs-evidence-reconciliation,,Reconcile prior evidence; review or replace as needed
branforth,equipment,salvage-south,water,6,character/chief-engineer-branforth-v2/packs/helmet-256x256-p128.0-128.0/manifest.json,7961ff880d89b9a949c27d2fd337854cac081ef4db105934be40e0dd08c00f83,needs-evidence-reconciliation,,Reconcile prior evidence; review or replace as needed
branforth,equipment,salvage-west,water,6,character/chief-engineer-branforth-v2/packs/helmet-256x256-p128.0-128.0/manifest.json,8de1cc9291c1e662a3c9c01973e3e786f59d2bdd3cedc1609674e38f9b894c8e,needs-evidence-reconciliation,,Reconcile prior evidence; review or replace as needed
branforth,equipment,sit-down-east,other-motion-and-transitions,6,character/chief-engineer-branforth-v2/packs/helmet-256x256-p128.0-224.0/manifest.json,736568ba1df2784b167ab2c67fb30e31234652d2fd825d852f41237e46bebcba,needs-evidence-reconciliation,,Reconcile prior evidence; review or replace as needed
branforth,equipment,sit-down-north,other-motion-and-transitions,6,character/chief-engineer-branforth-v2/packs/helmet-256x256-p128.0-224.0/manifest.json,4ae10515087edb830af0fd56ecc3fb25288807ce6848269bf1da7f08d1602779,needs-evidence-reconciliation,,Reconcile prior evidence; review or replace as needed
branforth,equipment,sit-down-south,other-motion-and-transitions,6,character/chief-engineer-branforth-v2/packs/helmet-256x256-p128.0-224.0/manifest.json,44eb0a12e1f79a636ba45b7f0e86b8f49af9bd591d36b31f68a1560efa6a004f,needs-evidence-reconciliation,,Reconcile prior evidence; review or replace as needed
branforth,equipment,sit-down-west,other-motion-and-transitions,6,character/chief-engineer-branforth-v2/packs/helmet-256x256-p128.0-224.0/manifest.json,6c762d87d3df8e8de9de685f5508a3a11faa369a0041b5034283fabe8520de6c,needs-evidence-reconciliation,,Reconcile prior evidence; review or replace as needed
branforth,equipment,sit-idle-east,other-motion-and-transitions,6,character/chief-engineer-branforth-v2/packs/helmet-256x256-p128.0-224.0/manifest.json,fdac12a1d18442a9963e2cf3f0d9f6893685c394e1db662d1f54cb888f166dbe,needs-evidence-reconciliation,,Reconcile prior evidence; review or replace as needed
branforth,equipment,sit-idle-north,other-motion-and-transitions,6,character/chief-engineer-branforth-v2/packs/helmet-256x256-p128.0-224.0/manifest.json,a675ecc9e61e73d6ed38ec7be63494654bc013f98e3c6420926680192f6b3328,needs-evidence-reconciliation,,Reconcile prior evidence; review or replace as needed
branforth,equipment,sit-idle-south,other-motion-and-transitions,6,character/chief-engineer-branforth-v2/packs/helmet-256x256-p128.0-224.0/manifest.json,74eba290a0df6ebf65e8a68ca5828b6edb3c4642db429fee173ac083f0631e90,needs-evidence-reconciliation,,Reconcile prior evidence; review or replace as needed
branforth,equipment,sit-idle-west,other-motion-and-transitions,6,character/chief-engineer-branforth-v2/packs/helmet-256x256-p128.0-224.0/manifest.json,bc177e5699f37ca6a03e4cd9ce73eb17406f70e96978efaafcd2dddde49b82d7,needs-evidence-reconciliation,,Reconcile prior evidence; review or replace as needed
branforth,equipment,sit-rise-east,other-motion-and-transitions,6,character/chief-engineer-branforth-v2/packs/helmet-256x256-p128.0-224.0/manifest.json,28ee2e53bcbefc2e3f0a7fe51e08bec0cd4e95c4a3b12db3fd9c9e8dd948aa48,needs-evidence-reconciliation,,Reconcile prior evidence; review or replace as needed
branforth,equipment,sit-rise-north,other-motion-and-transitions,6,character/chief-engineer-branforth-v2/packs/helmet-256x256-p128.0-224.0/manifest.json,c45402ea36d65d1349e0374962aa1468e28dc77f91073d6c949c350c8c421495,needs-evidence-reconciliation,,Reconcile prior evidence; review or replace as needed
branforth,equipment,sit-rise-south,other-motion-and-transitions,6,character/chief-engineer-branforth-v2/packs/helmet-256x256-p128.0-224.0/manifest.json,24aff291c6eee155cbcbbf2b8fc31759fc80cae0f062a83e5fd1345947ec8c7e,needs-evidence-reconciliation,,Reconcile prior evidence; review or replace as needed
branforth,equipment,sit-rise-west,other-motion-and-transitions,6,character/chief-engineer-branforth-v2/packs/helmet-256x256-p128.0-224.0/manifest.json,0954e60696fee57a0d772d02ee801bb3dbd6c9484c2d8be22df092bd3bc88951,needs-evidence-reconciliation,,Reconcile prior evidence; review or replace as needed
branforth,equipment,sleep-east,other-motion-and-transitions,6,character/chief-engineer-branforth-v2/packs/helmet-256x256-p128.0-224.0/manifest.json,8bb5032538a2533f1328e4d0e6ba5b8b2fa903f224a5c29420013b4f6c0abf8e,needs-evidence-reconciliation,,Reconcile prior evidence; review or replace as needed
branforth,equipment,sleep-north,other-motion-and-transitions,6,character/chief-engineer-branforth-v2/packs/helmet-256x256-p128.0-224.0/manifest.json,5b3a01773c72f40c4d95f37a4aff0643cd68e77dfb486c2f1f1ebaf6daf67c09,needs-evidence-reconciliation,,Reconcile prior evidence; review or replace as needed
branforth,equipment,sleep-south,other-motion-and-transitions,6,character/chief-engineer-branforth-v2/packs/helmet-256x256-p128.0-224.0/manifest.json,27c3ef5e90ed4c1585d8a117d0189beabc467b4fc13cf0b7c8f7ec4e38ec43ac,needs-evidence-reconciliation,,Reconcile prior evidence; review or replace as needed
branforth,equipment,sleep-west,other-motion-and-transitions,6,character/chief-engineer-branforth-v2/packs/helmet-256x256-p128.0-224.0/manifest.json,252835e04ba89da45680e3b9c003c6cd8958c451834fdf97f3111832ee43ffa8,needs-evidence-reconciliation,,Reconcile prior evidence; review or replace as needed
branforth,equipment,stand-east,other-motion-and-transitions,6,character/chief-engineer-branforth-v2/packs/helmet-184x184-p92.0-172.0/manifest.json,9f40015bb0340bb33490e0c340563b104320cbf0d6bfb2461d7aab7900bbccb1,needs-evidence-reconciliation,,Reconcile prior evidence; review or replace as needed
branforth,equipment,stand-north,other-motion-and-transitions,6,character/chief-engineer-branforth-v2/packs/helmet-256x256-p128.0-224.0/manifest.json,3e8d2098bcbc290328f50e97f8f7e0d60e64870b0dd00167375b6b73f19f5bbb,needs-evidence-reconciliation,,Reconcile prior evidence; review or replace as needed
branforth,equipment,stand-south,other-motion-and-transitions,6,character/chief-engineer-branforth-v2/packs/helmet-256x256-p128.0-224.0/manifest.json,d6e9b5f15c393d96e1968703474edcc26c2433f28c21924f0d59b222c694ebe1,needs-evidence-reconciliation,,Reconcile prior evidence; review or replace as needed
branforth,equipment,stand-west,other-motion-and-transitions,6,character/chief-engineer-branforth-v2/packs/helmet-256x256-p128.0-224.0/manifest.json,811ceff27139c994932913eb6d90b65d500d229e9e4c4ec953363a4c13faf160,needs-evidence-reconciliation,,Reconcile prior evidence; review or replace as needed
branforth,equipment,swim-carry-east,water,6,character/chief-engineer-branforth-v2/packs/helmet-256x256-p128.0-128.0/manifest.json,a13b629c27f6d528698d1b6a93213c97d2b95135495e42b0b7a986f7c0cf5a28,needs-evidence-reconciliation,,Reconcile prior evidence; review or replace as needed
branforth,equipment,swim-carry-north,water,6,character/chief-engineer-branforth-v2/packs/helmet-256x256-p128.0-128.0/manifest.json,66393a2b4695b92fa64b55a369950c3ac0cefee3ce93ed0b843d0900c7a7ad6f,needs-evidence-reconciliation,,Reconcile prior evidence; review or replace as needed
branforth,equipment,swim-carry-south,water,6,character/chief-engineer-branforth-v2/packs/helmet-256x256-p128.0-128.0/manifest.json,042c13d2c28c6d63b3e7c7dfeff35967cc08c627b2ddc422f7f736b648adcdd5,needs-evidence-reconciliation,,Reconcile prior evidence; review or replace as needed
branforth,equipment,swim-carry-turn-east-north,water,6,character/chief-engineer-branforth-v2/packs/helmet-256x256-p128.0-128.0/manifest.json,aee8f50598e7cc858cf04f93318efd077f962c5f2fe066969b19995707221db8,needs-evidence-reconciliation,,Reconcile prior evidence; review or replace as needed
branforth,equipment,swim-carry-turn-east-south,water,6,character/chief-engineer-branforth-v2/packs/helmet-256x256-p128.0-128.0/manifest.json,72cded4b76185cf51727c4c11107837bc37af7c2e252388b2702b855c9920f0a,needs-evidence-reconciliation,,Reconcile prior evidence; review or replace as needed
branforth,equipment,swim-carry-turn-east-west,water,12,character/chief-engineer-branforth-v2/packs/helmet-256x256-p128.0-128.0/manifest.json,6a8742342441992e8b6928e0ae16504359424985490a79cd50eea62977a5a77f,needs-evidence-reconciliation,,Reconcile prior evidence; review or replace as needed
branforth,equipment,swim-carry-turn-north-east,water,6,character/chief-engineer-branforth-v2/packs/helmet-256x256-p128.0-128.0/manifest.json,aef3ce18fe1598d634855186d42cbd738f2892d00fc1510eb5b93dba5178ae93,needs-evidence-reconciliation,,Reconcile prior evidence; review or replace as needed
branforth,equipment,swim-carry-turn-north-south,water,12,character/chief-engineer-branforth-v2/packs/helmet-256x256-p128.0-128.0/manifest.json,3ced9c008116067d243e1226ec99c37a9abbbbe5d576a9a2a90d892b007de31b,needs-evidence-reconciliation,,Reconcile prior evidence; review or replace as needed
branforth,equipment,swim-carry-turn-north-west,water,6,character/chief-engineer-branforth-v2/packs/helmet-256x256-p128.0-128.0/manifest.json,674b9d1eb03f1ff4268e8ec83a0cedae822309677de004d748a72e976a839699,needs-evidence-reconciliation,,Reconcile prior evidence; review or replace as needed
branforth,equipment,swim-carry-turn-south-east,water,6,character/chief-engineer-branforth-v2/packs/helmet-256x256-p128.0-128.0/manifest.json,ae1edaea12c35969cb4cf8054ed86af2dfc1fdb85c5fbe9222e4ff3562ae633c,needs-evidence-reconciliation,,Reconcile prior evidence; review or replace as needed
branforth,equipment,swim-carry-turn-south-north,water,12,character/chief-engineer-branforth-v2/packs/helmet-256x256-p128.0-128.0/manifest.json,6994b9cf3e3d44a7dd6740a8e51388fd55d9e74b1fafc1c9c09f65a0dfb5410c,needs-evidence-reconciliation,,Reconcile prior evidence; review or replace as needed
branforth,equipment,swim-carry-turn-south-west,water,6,character/chief-engineer-branforth-v2/packs/helmet-256x256-p128.0-128.0/manifest.json,d5844f84dedcb2eed808adbaedf71d7be69bf48c14ef8179e1426e701ae46c80,needs-evidence-reconciliation,,Reconcile prior evidence; review or replace as needed
branforth,equipment,swim-carry-turn-west-east,water,12,character/chief-engineer-branforth-v2/packs/helmet-256x256-p128.0-128.0/manifest.json,b568643429204b744ada1101de772a4ae1ecf3133beee1c4ae1801c1da5d2d07,needs-evidence-reconciliation,,Reconcile prior evidence; review or replace as needed
branforth,equipment,swim-carry-turn-west-north,water,6,character/chief-engineer-branforth-v2/packs/helmet-256x256-p128.0-128.0/manifest.json,3277d140657b48df4e6686e838a357f127a345e6a6413f1c96334dc8f6a2dfaf,needs-evidence-reconciliation,,Reconcile prior evidence; review or replace as needed
branforth,equipment,swim-carry-turn-west-south,water,6,character/chief-engineer-branforth-v2/packs/helmet-256x256-p128.0-128.0/manifest.json,98dd5ad89be0c87892cce117c552adc6845ddff362a1e3fb9b4d0fe711b5ff2e,needs-evidence-reconciliation,,Reconcile prior evidence; review or replace as needed
branforth,equipment,swim-carry-west,water,6,character/chief-engineer-branforth-v2/packs/helmet-256x256-p128.0-128.0/manifest.json,024630d125697db20ea91c42d15a311f148e49c61bc962229e5f1854f868ba98,needs-evidence-reconciliation,,Reconcile prior evidence; review or replace as needed
branforth,equipment,swim-distress-east,water,6,character/chief-engineer-branforth-v2/packs/helmet-256x256-p128.0-128.0/manifest.json,387b5368fc25d8bf2eae759f99a1ee8bc916f247c7604a5c1c7d9bf45b63dc54,needs-evidence-reconciliation,,Reconcile prior evidence; review or replace as needed
branforth,equipment,swim-distress-north,water,6,character/chief-engineer-branforth-v2/packs/helmet-256x256-p128.0-128.0/manifest.json,6513950fa0babceeb864a0fa507ed7cde12a6db450bbac3cd0a1a39f6ae95c38,needs-evidence-reconciliation,,Reconcile prior evidence; review or replace as needed
branforth,equipment,swim-distress-south,water,6,character/chief-engineer-branforth-v2/packs/helmet-256x256-p128.0-128.0/manifest.json,2e600cb2648bbf15e83529ac30c735227da0c81558f0536888f361bfb39585f9,needs-evidence-reconciliation,,Reconcile prior evidence; review or replace as needed
branforth,equipment,swim-distress-west,water,6,character/chief-engineer-branforth-v2/packs/helmet-256x256-p128.0-128.0/manifest.json,b34ad269d99a91664340e32894ff1bc9d0ae371402f9bb6f2b3282a5ddfe0061,needs-evidence-reconciliation,,Reconcile prior evidence; review or replace as needed
branforth,equipment,swim-east,water,6,character/chief-engineer-branforth-v2/packs/helmet-208x184-p122.0-88.0/manifest.json,9c3329b3f10fe1d388fac306813f64e13ec07c3767cf4aaa7ec6c5d46acf5a0c,needs-evidence-reconciliation,,Reconcile prior evidence; review or replace as needed
branforth,equipment,swim-north,water,6,character/chief-engineer-branforth-v2/packs/helmet-208x224-p104.0-72.0/manifest.json,b7bb5d54102b72e99ab67ea20724ac5b9cbf502fa0e50af03d653a592f704870,needs-evidence-reconciliation,,Reconcile prior evidence; review or replace as needed
branforth,equipment,swim-pickup-east,water,6,character/chief-engineer-branforth-v2/packs/helmet-256x256-p128.0-128.0/manifest.json,0fceacee7a9b446bdea8f2a3139ac8892b50db353984eb7a3f438d430c3eb48e,needs-evidence-reconciliation,,Reconcile prior evidence; review or replace as needed
branforth,equipment,swim-pickup-north,water,6,character/chief-engineer-branforth-v2/packs/helmet-256x256-p128.0-128.0/manifest.json,cc317b1dc3c75e7647c7f09b37e2a30be02342d927f6be23edceabad880e9c51,needs-evidence-reconciliation,,Reconcile prior evidence; review or replace as needed
branforth,equipment,swim-pickup-south,water,6,character/chief-engineer-branforth-v2/packs/helmet-256x256-p128.0-128.0/manifest.json,37d5353187958f4ec1612b334dd1e01af8070baea767454b3aee518f8f859e6f,needs-evidence-reconciliation,,Reconcile prior evidence; review or replace as needed
branforth,equipment,swim-pickup-west,water,6,character/chief-engineer-branforth-v2/packs/helmet-256x256-p128.0-128.0/manifest.json,313a6588f33b8a5cde787c7fcc815e5991e7e3c3f12bedcc741da3912d25c87c,needs-evidence-reconciliation,,Reconcile prior evidence; review or replace as needed
branforth,equipment,swim-south,water,6,character/chief-engineer-branforth-v2/packs/helmet-208x224-p104.0-152.0/manifest.json,5ccd236435cd2bde893390f11ea749c6cc0aae9525f1cb541f68cca9525b60d3,needs-evidence-reconciliation,,Reconcile prior evidence; review or replace as needed
branforth,equipment,swim-start-east,water,6,character/chief-engineer-branforth-v2/packs/helmet-256x256-p128.0-128.0/manifest.json,08d7cfeff98d4fc4b3ae197f1e62ce789f6be9b48c86ea9d5dd8983b92d3fe9c,needs-evidence-reconciliation,,Reconcile prior evidence; review or replace as needed
branforth,equipment,swim-start-north,water,6,character/chief-engineer-branforth-v2/packs/helmet-256x276-p128.0-128.0/manifest.json,7a01d9261ce64c32a714c96c37d7d4ecafe47d1c9299fd2638fec70793cc2aff,needs-evidence-reconciliation,,Reconcile prior evidence; review or replace as needed
branforth,equipment,swim-start-south,water,6,character/chief-engineer-branforth-v2/packs/helmet-256x256-p128.0-128.0/manifest.json,0b94d5b89f0201e0f3fee37364ed6be146e57d2adfb3f1eefea4c28221c76220,needs-evidence-reconciliation,,Reconcile prior evidence; review or replace as needed
branforth,equipment,swim-start-west,water,6,character/chief-engineer-branforth-v2/packs/helmet-256x256-p128.0-128.0/manifest.json,1488bbe8bcb2ff4b06a4c6a5a5650b006e5b4e9e6f8e456b978fe13bf7496966,needs-evidence-reconciliation,,Reconcile prior evidence; review or replace as needed
branforth,equipment,swim-stop-east,water,6,character/chief-engineer-branforth-v2/packs/helmet-256x256-p128.0-128.0/manifest.json,01870c3ef494de454fabad2967fb6ba5d0742ad5c8a64aac75f1976874e4fedb,needs-evidence-reconciliation,,Reconcile prior evidence; review or replace as needed
branforth,equipment,swim-stop-north,water,6,character/chief-engineer-branforth-v2/packs/helmet-256x276-p128.0-128.0/manifest.json,883fc9b38a5cab5c3e35d5bf98b4ac657097719cb20b802c6b55906041224382,needs-evidence-reconciliation,,Reconcile prior evidence; review or replace as needed
branforth,equipment,swim-stop-south,water,6,character/chief-engineer-branforth-v2/packs/helmet-256x256-p128.0-128.0/manifest.json,808622299add6df4a291e94702db908067b367c7103e9d274669523c99127a99,needs-evidence-reconciliation,,Reconcile prior evidence; review or replace as needed
branforth,equipment,swim-stop-west,water,6,character/chief-engineer-branforth-v2/packs/helmet-256x256-p128.0-128.0/manifest.json,2086f7716cd2c95c90583b061cddd8fca080eecf781278226c0b2153b0516c55,needs-evidence-reconciliation,,Reconcile prior evidence; review or replace as needed
branforth,equipment,swim-turn-east-north,water,6,character/chief-engineer-branforth-v2/packs/helmet-256x276-p128.0-128.0/manifest.json,754c303e5c3d7121bb00c256ff96faa2dc2f55bfc7385bd01937e402c2f38af9,needs-evidence-reconciliation,,Reconcile prior evidence; review or replace as needed
branforth,equipment,swim-turn-east-south,water,6,character/chief-engineer-branforth-v2/packs/helmet-256x256-p128.0-128.0/manifest.json,d7f57043667f688a108286aa8ccf78af439a11f726ff72a2a679eac63df9f756,needs-evidence-reconciliation,,Reconcile prior evidence; review or replace as needed
branforth,equipment,swim-turn-east-west,water,12,character/chief-engineer-branforth-v2/packs/helmet-256x256-p128.0-128.0/manifest.json,93e1f2d15a26e55840427abbc3f734560bd8cbf80e98442ee214c81e75a5c45b,needs-evidence-reconciliation,,Reconcile prior evidence; review or replace as needed
branforth,equipment,swim-turn-north-east,water,6,character/chief-engineer-branforth-v2/packs/helmet-256x276-p128.0-128.0/manifest.json,67995898f5470cd0229ee0b01ab626b1cde39e46e3fdba6dae16e27b124c35a8,needs-evidence-reconciliation,,Reconcile prior evidence; review or replace as needed
branforth,equipment,swim-turn-north-south,water,12,character/chief-engineer-branforth-v2/packs/helmet-256x276-p128.0-128.0/manifest.json,9164295284c04dfa4864629806ff16d2f28517c9b02ee7fe03f399d4afc0314f,needs-evidence-reconciliation,,Reconcile prior evidence; review or replace as needed
branforth,equipment,swim-turn-north-west,water,6,character/chief-engineer-branforth-v2/packs/helmet-256x276-p128.0-128.0/manifest.json,871fa4ce4757bf0110c4f59c8ed774a7db3816777fbfbb13daeeee96c3463172,needs-evidence-reconciliation,,Reconcile prior evidence; review or replace as needed
branforth,equipment,swim-turn-south-east,water,6,character/chief-engineer-branforth-v2/packs/helmet-256x256-p128.0-128.0/manifest.json,0eb3f405341f8cdad8295199ae251d3dc2bbd74bd2ad1becc5f0b35d4e97b3c5,needs-evidence-reconciliation,,Reconcile prior evidence; review or replace as needed
branforth,equipment,swim-turn-south-north,water,12,character/chief-engineer-branforth-v2/packs/helmet-256x276-p128.0-128.0/manifest.json,3df40645b466be0e47f10dcbd57101d5f7f1d39c7a97eb027ca0c9105bfa1d49,needs-evidence-reconciliation,,Reconcile prior evidence; review or replace as needed
branforth,equipment,swim-turn-south-west,water,6,character/chief-engineer-branforth-v2/packs/helmet-256x256-p128.0-128.0/manifest.json,0dbf86698281242a1751d3248e0cb9beb3c0361504d7b874d93279720d8e8790,needs-evidence-reconciliation,,Reconcile prior evidence; review or replace as needed
branforth,equipment,swim-turn-west-east,water,12,character/chief-engineer-branforth-v2/packs/helmet-256x276-p128.0-128.0/manifest.json,e67660e45ba326841bf5ff6349ecb01b5aa4bbeb68a2c3a50c392861f871f9bc,needs-evidence-reconciliation,,Reconcile prior evidence; review or replace as needed
branforth,equipment,swim-turn-west-north,water,6,character/chief-engineer-branforth-v2/packs/helmet-256x276-p128.0-128.0/manifest.json,f780fed12eb33ccc65246c225bffabbe03c688796057ef3b17eee77a8cb6785f,needs-evidence-reconciliation,,Reconcile prior evidence; review or replace as needed
branforth,equipment,swim-turn-west-south,water,6,character/chief-engineer-branforth-v2/packs/helmet-256x256-p128.0-128.0/manifest.json,9d7994d42aa8210fa4aa8fa74f52bd5be7b67470d3ef7d6972430042431d28af,needs-evidence-reconciliation,,Reconcile prior evidence; review or replace as needed
branforth,equipment,swim-west,water,6,character/chief-engineer-branforth-v2/packs/helmet-208x184-p86.0-88.0/manifest.json,16695c311b45a367ade1ab162750c2144fa0b54678d037abb2fcaff5950446a2,needs-evidence-reconciliation,,Reconcile prior evidence; review or replace as needed
branforth,equipment,torch-draw-east,other-motion-and-transitions,6,character/chief-engineer-branforth-v2/packs/helmet-256x256-p128.0-224.0/manifest.json,feebfd0487d2ecaecff66e6adba6ba0ef2fe5aad07174c5e633d13c166bc35b5,needs-evidence-reconciliation,,Reconcile prior evidence; review or replace as needed
branforth,equipment,torch-draw-north,other-motion-and-transitions,6,character/chief-engineer-branforth-v2/packs/helmet-256x256-p128.0-224.0/manifest.json,bdaa7a1aee63a98bd578785f6e271a337926684ba9e20200bc67fc8d698387f5,needs-evidence-reconciliation,,Reconcile prior evidence; review or replace as needed
branforth,equipment,torch-draw-south,other-motion-and-transitions,6,character/chief-engineer-branforth-v2/packs/helmet-256x256-p128.0-224.0/manifest.json,999d94ea158a60c814342d7de4e32e95c17327e21c6413ca74b944a09da4db91,needs-evidence-reconciliation,,Reconcile prior evidence; review or replace as needed
branforth,equipment,torch-draw-west,other-motion-and-transitions,6,character/chief-engineer-branforth-v2/packs/helmet-256x256-p128.0-224.0/manifest.json,1e8572f51130ae2ff04552f37e7c5a24c807b5c9e48890ef59b2203f71817305,needs-evidence-reconciliation,,Reconcile prior evidence; review or replace as needed
branforth,equipment,torch-stow-east,other-motion-and-transitions,6,character/chief-engineer-branforth-v2/packs/helmet-256x256-p128.0-224.0/manifest.json,8a5697781734db1942cd995ddc9108554728faa7cd157805d336750afdc866e0,needs-evidence-reconciliation,,Reconcile prior evidence; review or replace as needed
branforth,equipment,torch-stow-north,other-motion-and-transitions,6,character/chief-engineer-branforth-v2/packs/helmet-256x256-p128.0-224.0/manifest.json,17cf50b6822679c86ee3797eb2a57a8df58c05b13667c4e2c65b38ba022b8da0,needs-evidence-reconciliation,,Reconcile prior evidence; review or replace as needed
branforth,equipment,torch-stow-south,other-motion-and-transitions,6,character/chief-engineer-branforth-v2/packs/helmet-256x256-p128.0-224.0/manifest.json,71362d4f6721b570c1bb0c9aba621aa821328c7d39505c02d3db7683811916a5,needs-evidence-reconciliation,,Reconcile prior evidence; review or replace as needed
branforth,equipment,torch-stow-west,other-motion-and-transitions,6,character/chief-engineer-branforth-v2/packs/helmet-256x256-p128.0-224.0/manifest.json,5a2f5f42f74c5f6eb16c23a710250694ac2d3fc38c23fc3a7ef259652bec9b10,needs-evidence-reconciliation,,Reconcile prior evidence; review or replace as needed
branforth,equipment,tread-east,water,6,character/chief-engineer-branforth-v2/packs/helmet-184x184-p92.0-70.0/manifest.json,d5298d00c727db0086bff78c0aac6abe2360040de535a1e01ec623e1f518e8c5,needs-evidence-reconciliation,,Reconcile prior evidence; review or replace as needed
branforth,equipment,tread-north,water,6,character/chief-engineer-branforth-v2/packs/helmet-184x184-p92.0-70.0/manifest.json,b3b8a7d13a90b7ad81a862e6da5d5ec3a3193398c95d11da62f78f936ccbe3a7,needs-evidence-reconciliation,,Reconcile prior evidence; review or replace as needed
branforth,equipment,tread-south,water,6,character/chief-engineer-branforth-v2/packs/helmet-184x184-p92.0-70.0/manifest.json,695ae04d598fa312a593aeca7c6f5e043f422f10956b38fb79602658d8e6b6db,needs-evidence-reconciliation,,Reconcile prior evidence; review or replace as needed
branforth,equipment,tread-west,water,6,character/chief-engineer-branforth-v2/packs/helmet-184x184-p92.0-70.0/manifest.json,c934eee75a48c68b5864e931814ca44bb013ca1a15158df2bf54c0c37d03b002,needs-evidence-reconciliation,,Reconcile prior evidence; review or replace as needed
branforth,equipment,unload-east,other-motion-and-transitions,6,character/chief-engineer-branforth-v2/packs/helmet-256x256-p128.0-224.0/manifest.json,e1f1e9d8307da4468970940cffe1dcaae5030c2dd8c7ea2103131dbbc9659300,needs-evidence-reconciliation,,Reconcile prior evidence; review or replace as needed
branforth,equipment,unload-north,other-motion-and-transitions,6,character/chief-engineer-branforth-v2/packs/helmet-256x256-p128.0-224.0/manifest.json,f7ccbdea2428df854aa82907fd6206703f176b72794b25d8ab6569a7357ac173,needs-evidence-reconciliation,,Reconcile prior evidence; review or replace as needed
branforth,equipment,unload-south,other-motion-and-transitions,6,character/chief-engineer-branforth-v2/packs/helmet-256x256-p128.0-224.0/manifest.json,4e97e963269e36640fdbe60dd56f3e4ee85e652503fadd4be81644fa0c7d5dac,needs-evidence-reconciliation,,Reconcile prior evidence; review or replace as needed
branforth,equipment,unload-west,other-motion-and-transitions,6,character/chief-engineer-branforth-v2/packs/helmet-256x256-p128.0-224.0/manifest.json,37c367910abbd8525cf10a9fe3aaed9a3d9754a5e13b7f964014ae82c9edbe1a,needs-evidence-reconciliation,,Reconcile prior evidence; review or replace as needed
branforth,equipment,walk-east,other-motion-and-transitions,6,character/chief-engineer-branforth-v2/packs/helmet-184x184-p92.0-172.0/manifest.json,17054d2109d8c634f13f25112584ee156b7e980151d3942f8dc3c84283464250,whole-body-gait-selected-live-walk-reviewed,character/branforth-motion-polish-v1/review/walk-east-video-cycle-01/paired-contact.png; output/crew-replacement-2026-09-12/branforth/east-video-walk-selected-native.log; output/crew-replacement-2026-09-12/branforth/east-video-walk-validation.log; output/crew-replacement-2026-09-12/branforth/east-video-walk-live-bare-padded.log; output/crew-replacement-2026-09-12/branforth/east-video-walk-live-helmet-padded.log; output/crew-replacement-2026-09-12/branforth/east-meter-format-regression.log,Review broader starts/stops and transitions into older action art; owner acceptance remains open.
branforth,equipment,walk-north,other-motion-and-transitions,6,character/chief-engineer-branforth-v2/packs/helmet-184x184-p92.0-172.0/manifest.json,a5227e2f1c3afd0996d0d77c81081c42a6b380eb3e51802aa76ccc88fe610cbe,whole-body-gait-selected-live-walk-reviewed,docs/HANDOFF_BRANFORTH_MOTION_2026-09-12.md; output/crew-replacement-2026-09-12/branforth/north-video-walk-selected-native.log; output/crew-replacement-2026-09-12/branforth/north-video-walk-live-helmet-padded.log; output/crew-replacement-2026-09-12/branforth/north-meter-format-regression.log,Review broader starts/stops and transitions into older action art; owner acceptance remains open.
branforth,equipment,walk-south,other-motion-and-transitions,6,character/chief-engineer-branforth-v2/packs/helmet-184x184-p92.0-172.0/manifest.json,8d629fb201311a17826f7cec539f20474494e619f93b54d70a0750eefee723ed,whole-body-gait-selected-live-walk-reviewed,docs/HANDOFF_BRANFORTH_MOTION_2026-09-12.md; output/crew-replacement-2026-09-12/branforth/south-video-walk-selected-native.log; output/crew-replacement-2026-09-12/branforth/south-video-walk-live-helmet-padded.log; output/crew-replacement-2026-09-12/branforth/south-meter-format-regression.log,Review broader starts/stops and transitions into older action art; owner acceptance remains open.
branforth,equipment,walk-west,other-motion-and-transitions,6,character/chief-engineer-branforth-v2/packs/helmet-184x184-p92.0-172.0/manifest.json,055806d367d663a5abdc6ff5edc11b1ad1f064494a97669ae5fdb38f69d2a644,whole-body-gait-selected-live-walk-reviewed,docs/HANDOFF_BRANFORTH_MOTION_2026-09-12.md; output/crew-replacement-2026-09-12/branforth/west-meter-walk-selected-native.log; output/crew-replacement-2026-09-12/branforth/west-meter-walk-live-helmet.log,Review broader starts/stops and transitions into older action art; owner acceptance remains open.
marsh,body,cargo-unload-east,other-motion-and-transitions,4,character/marsh-v2/packs/bare-184x184-p92.0-172.0/manifest.json,1bb32796a667a624ede3fd3f304920534244d08c71406efb5148219a01ce63cf,needs-evidence-reconciliation,,Reconcile prior evidence; review or replace as needed
marsh,body,cargo-unload-north,other-motion-and-transitions,4,character/marsh-v2/packs/bare-184x184-p92.0-172.0/manifest.json,a7a675f6b58e86f72a8822f4fe11c284e923e4a465506250e045a4fe433ee7f2,needs-evidence-reconciliation,,Reconcile prior evidence; review or replace as needed
marsh,body,cargo-unload-south,other-motion-and-transitions,4,character/marsh-v2/packs/bare-184x184-p92.0-172.0/manifest.json,ee47640a77f0763768f5d7bbc046b364917191d3b85fe1ece6fbc5ecd0a65941,needs-evidence-reconciliation,,Reconcile prior evidence; review or replace as needed
marsh,body,cargo-unload-west,other-motion-and-transitions,4,character/marsh-v2/packs/bare-184x184-p92.0-172.0/manifest.json,a0f52b41a9d7d9fbf290b08cd73002d45fbd7bc3bd085166a070b63c14db465f,needs-evidence-reconciliation,,Reconcile prior evidence; review or replace as needed
marsh,body,carry-east,other-motion-and-transitions,4,character/marsh-v2/packs/bare-184x184-p92.0-172.0/manifest.json,411620dd81afa7fecdc05957c66c0a8b6af1eb7910c00ea8ff1534a242133001,needs-evidence-reconciliation,,Reconcile prior evidence; review or replace as needed
marsh,body,carry-north,other-motion-and-transitions,4,character/marsh-v2/packs/bare-184x184-p92.0-172.0/manifest.json,0fcdb7b5574f31f4d0644a45d389e9c12473bf28036e1c560b707284667113a6,needs-evidence-reconciliation,,Reconcile prior evidence; review or replace as needed
marsh,body,carry-south,other-motion-and-transitions,4,character/marsh-v2/packs/bare-184x184-p92.0-172.0/manifest.json,47b8766ef82460cb18ead49ea7b63a97764ef4f5f3d09302621b0863bf69f057,needs-evidence-reconciliation,,Reconcile prior evidence; review or replace as needed
marsh,body,carry-west,other-motion-and-transitions,4,character/marsh-v2/packs/bare-184x184-p92.0-172.0/manifest.json,50fc0ba70942f6265ecc629747fb4cfd97e1c790460cca5e9c22c914548106fe,needs-evidence-reconciliation,,Reconcile prior evidence; review or replace as needed
marsh,body,death-ground-east,death,6,character/marsh-v2/packs/bare-184x184-p92.0-172.0/manifest.json,640c6de9f155d014ca6401fc75ec323895db38ada378a0ebb93d9ea7e4ac0f25,review-rework-pending,,Repair batch active; review authored identity/motion and fitted equipment
marsh,body,death-ground-north,death,6,character/marsh-v2/packs/bare-184x184-p92.0-172.0/manifest.json,ba183018095954e41bc7b4d4f2dd1e62a9bc0d698c3ff38e61fe9d2fa4a270b2,review-rework-pending,,Repair batch active; review authored identity/motion and fitted equipment
marsh,body,death-ground-south,death,6,character/marsh-v2/packs/bare-184x184-p92.0-172.0/manifest.json,8c63ebf38f866b3996163b58ec9cad84d50c22a33b22b531f04b38953c6a4b7e,review-rework-pending,,Repair batch active; review authored identity/motion and fitted equipment
marsh,body,death-ground-west,death,6,character/marsh-v2/packs/bare-184x184-p92.0-172.0/manifest.json,fb4653821ebf7f4031496a1cdf6627c81654d735c59be39940d8bf6f2abe7c75,review-rework-pending,,Repair batch active; review authored identity/motion and fitted equipment
marsh,body,death-water-east,death,6,character/marsh-v2/packs/bare-184x184-p92.0-172.0/manifest.json,640c6de9f155d014ca6401fc75ec323895db38ada378a0ebb93d9ea7e4ac0f25,review-rework-pending,,Repair batch active; review authored identity/motion and fitted equipment
marsh,body,death-water-north,death,6,character/marsh-v2/packs/bare-184x184-p92.0-172.0/manifest.json,ba183018095954e41bc7b4d4f2dd1e62a9bc0d698c3ff38e61fe9d2fa4a270b2,review-rework-pending,,Repair batch active; review authored identity/motion and fitted equipment
marsh,body,death-water-south,death,6,character/marsh-v2/packs/bare-184x184-p92.0-172.0/manifest.json,8c63ebf38f866b3996163b58ec9cad84d50c22a33b22b531f04b38953c6a4b7e,review-rework-pending,,Repair batch active; review authored identity/motion and fitted equipment
marsh,body,death-water-west,death,6,character/marsh-v2/packs/bare-184x184-p92.0-172.0/manifest.json,fb4653821ebf7f4031496a1cdf6627c81654d735c59be39940d8bf6f2abe7c75,review-rework-pending,,Repair batch active; review authored identity/motion and fitted equipment
marsh,body,drink-east,daily-life,6,character/marsh-v2/packs/bare-184x184-p92.0-172.0/manifest.json,1e48df001e7c0e9649c3a30b1dcb396db771fe56d0872e26be0d21af7e1f12ea,review-rework-pending,,Repair batch active; review authored identity/motion and fitted equipment
marsh,body,drink-north,daily-life,6,character/marsh-v2/packs/bare-184x184-p92.0-172.0/manifest.json,64480fa0803d4c8300bcf9d2c5e989c4dd0b50a12a8eb9575781b6e796701f47,review-rework-pending,,Repair batch active; review authored identity/motion and fitted equipment
marsh,body,drink-south,daily-life,6,character/marsh-v2/packs/bare-184x184-p92.0-172.0/manifest.json,6fa47a6a9d5c5f61b08c4f8d6becb1904a85330fdd33dfdace50a3c4ab2ad483,review-rework-pending,,Repair batch active; review authored identity/motion and fitted equipment
marsh,body,drink-west,daily-life,6,character/marsh-v2/packs/bare-184x184-p92.0-172.0/manifest.json,305187902c34831d227dda7c64e9778a1eb5a4009344a5d674d47a59dd7a94fb,review-rework-pending,,Repair batch active; review authored identity/motion and fitted equipment
marsh,body,eat-east,daily-life,6,character/marsh-v2/packs/bare-184x184-p92.0-172.0/manifest.json,1e48df001e7c0e9649c3a30b1dcb396db771fe56d0872e26be0d21af7e1f12ea,review-rework-pending,,Repair batch active; review authored identity/motion and fitted equipment
marsh,body,eat-north,daily-life,6,character/marsh-v2/packs/bare-184x184-p92.0-172.0/manifest.json,64480fa0803d4c8300bcf9d2c5e989c4dd0b50a12a8eb9575781b6e796701f47,review-rework-pending,,Repair batch active; review authored identity/motion and fitted equipment
marsh,body,eat-south,daily-life,6,character/marsh-v2/packs/bare-184x184-p92.0-172.0/manifest.json,6fa47a6a9d5c5f61b08c4f8d6becb1904a85330fdd33dfdace50a3c4ab2ad483,review-rework-pending,,Repair batch active; review authored identity/motion and fitted equipment
marsh,body,eat-west,daily-life,6,character/marsh-v2/packs/bare-184x184-p92.0-172.0/manifest.json,305187902c34831d227dda7c64e9778a1eb5a4009344a5d674d47a59dd7a94fb,review-rework-pending,,Repair batch active; review authored identity/motion and fitted equipment
marsh,body,equip-helmet-east,other-motion-and-transitions,6,character/marsh-v2/packs/bare-184x184-p92.0-172.0/manifest.json,1e48df001e7c0e9649c3a30b1dcb396db771fe56d0872e26be0d21af7e1f12ea,needs-evidence-reconciliation,,Reconcile prior evidence; review or replace as needed
marsh,body,equip-helmet-north,other-motion-and-transitions,6,character/marsh-v2/packs/bare-184x184-p92.0-172.0/manifest.json,64480fa0803d4c8300bcf9d2c5e989c4dd0b50a12a8eb9575781b6e796701f47,needs-evidence-reconciliation,,Reconcile prior evidence; review or replace as needed
marsh,body,equip-helmet-south,other-motion-and-transitions,6,character/marsh-v2/packs/bare-184x184-p92.0-172.0/manifest.json,6fa47a6a9d5c5f61b08c4f8d6becb1904a85330fdd33dfdace50a3c4ab2ad483,needs-evidence-reconciliation,,Reconcile prior evidence; review or replace as needed
marsh,body,equip-helmet-west,other-motion-and-transitions,6,character/marsh-v2/packs/bare-184x184-p92.0-172.0/manifest.json,305187902c34831d227dda7c64e9778a1eb5a4009344a5d674d47a59dd7a94fb,needs-evidence-reconciliation,,Reconcile prior evidence; review or replace as needed
marsh,body,get-up-east,other-motion-and-transitions,4,character/marsh-v2/packs/bare-184x184-p92.0-172.0/manifest.json,0622619d08fc035d5b666f33c713c26bbbb7b8c1bae457bfeb38f7fc81b57a65,needs-evidence-reconciliation,,Reconcile prior evidence; review or replace as needed
marsh,body,get-up-north,other-motion-and-transitions,4,character/marsh-v2/packs/bare-184x184-p92.0-172.0/manifest.json,d9eb4b484fa4dad78b556dbe7fd6a36859d16f00d1f2b6182ff20c44d320854e,needs-evidence-reconciliation,,Reconcile prior evidence; review or replace as needed
marsh,body,get-up-south,other-motion-and-transitions,4,character/marsh-v2/packs/bare-184x184-p92.0-172.0/manifest.json,75a1a846cac7402f4cbe644a5c875da0f115e44bea4c6fd4e78f03a859ea1794,needs-evidence-reconciliation,,Reconcile prior evidence; review or replace as needed
marsh,body,get-up-west,other-motion-and-transitions,4,character/marsh-v2/packs/bare-184x184-p92.0-172.0/manifest.json,2c1d0f9f8b97eb3f206bb75242213f1797ff2907829e8d6a3fa460ae348cc468,needs-evidence-reconciliation,,Reconcile prior evidence; review or replace as needed
marsh,body,idle-east,other-motion-and-transitions,2,character/marsh-v2/packs/bare-184x184-p92.0-172.0/manifest.json,0a564d3a107e5967eac8e96469ae33a74420dadc76f466f85d9670eb014eb9e2,selected-idle-live-reviewed-transition-polish-pending,docs/HANDOFF_CREW_CONTINUITY_2026-09-12.md; output/crew-replacement-2026-09-12/marsh/live-idle-transition-east/live-walk-review.json,Polish direct wide-stride entry and stop transition; preserve reviewed idle identity
marsh,body,idle-north,other-motion-and-transitions,2,character/marsh-v2/packs/bare-184x184-p92.0-172.0/manifest.json,634e33cf38d8e55a068a19ed3c84cf8f48fd479a80e1e88fcdc137b6e026b33c,selected-idle-live-reviewed-transition-polish-pending,docs/HANDOFF_MARSH_NORTH_IDLE_2026-09-13.md,Author and review north start/stop transitions; owner visual acceptance remains open.
marsh,body,idle-south,other-motion-and-transitions,2,character/marsh-v2/packs/bare-184x184-p92.0-172.0/manifest.json,7ed396d51b1a263718de6848eb40eb0c3cbf9aedd9b1239b6f669260d0e24e05,selected-idle-live-reviewed-transition-polish-pending,docs/HANDOFF_MARSH_SOUTH_IDLE_2026-09-13.md,Review directional starts/stops and broader action continuity; owner acceptance pending
marsh,body,idle-west,other-motion-and-transitions,2,character/marsh-v2/packs/bare-184x184-p92.0-172.0/manifest.json,340869382663603284f9ceed14c155f0b6bce490de82dae0f68c5d0608fa28a1,selected-idle-live-reviewed-transition-polish-pending,docs/HANDOFF_CREW_CONTINUITY_2026-09-12.md; output/crew-replacement-2026-09-12/marsh/live-idle-transition-west/live-walk-review.json,Polish direct wide-stride entry and stop transition; preserve reviewed idle identity
marsh,body,inspect-east,other-motion-and-transitions,6,character/marsh-v2/packs/bare-184x184-p92.0-172.0/manifest.json,1e48df001e7c0e9649c3a30b1dcb396db771fe56d0872e26be0d21af7e1f12ea,needs-evidence-reconciliation,,Reconcile prior evidence; review or replace as needed
marsh,body,inspect-north,other-motion-and-transitions,6,character/marsh-v2/packs/bare-184x184-p92.0-172.0/manifest.json,64480fa0803d4c8300bcf9d2c5e989c4dd0b50a12a8eb9575781b6e796701f47,needs-evidence-reconciliation,,Reconcile prior evidence; review or replace as needed
marsh,body,inspect-south,other-motion-and-transitions,6,character/marsh-v2/packs/bare-184x184-p92.0-172.0/manifest.json,6fa47a6a9d5c5f61b08c4f8d6becb1904a85330fdd33dfdace50a3c4ab2ad483,needs-evidence-reconciliation,,Reconcile prior evidence; review or replace as needed
marsh,body,inspect-west,other-motion-and-transitions,6,character/marsh-v2/packs/bare-184x184-p92.0-172.0/manifest.json,305187902c34831d227dda7c64e9778a1eb5a4009344a5d674d47a59dd7a94fb,needs-evidence-reconciliation,,Reconcile prior evidence; review or replace as needed
marsh,body,interact-east,instrument,6,character/marsh-v2/packs/bare-184x184-p92.0-172.0/manifest.json,ebf2239dbca5b8b708298d8830a84407bfe646000e651f1d2ca78ce1cac2d64d,selected-clip-reviewed-live-context-pending,docs/CREW_ACTION_REVIEW_2026-09-12.md; native instrument study and selected-source logs in output/crew-replacement-2026-09-12/marsh,"Review continuous live workplace entry, action and exit"
marsh,body,interact-north,instrument,6,character/marsh-v2/packs/bare-184x184-p92.0-172.0/manifest.json,6e66f3fdcff1ae139749c7b6d4e17a5031d3e8a7f5e8377d4bca0b6523e11716,selected-clip-reviewed-live-context-pending,docs/CREW_ACTION_REVIEW_2026-09-12.md; native instrument study and selected-source logs in output/crew-replacement-2026-09-12/marsh,"Review continuous live workplace entry, action and exit"
marsh,body,interact-south,instrument,6,character/marsh-v2/packs/bare-184x184-p92.0-172.0/manifest.json,ebb2a4b8f7d3b2918e195fc13b9cf526bb48dc3a733a16a3b021382084f0ec7a,selected-clip-reviewed-live-context-pending,docs/CREW_ACTION_REVIEW_2026-09-12.md; native instrument study and selected-source logs in output/crew-replacement-2026-09-12/marsh,"Review continuous live workplace entry, action and exit"
marsh,body,interact-west,instrument,6,character/marsh-v2/packs/bare-184x184-p92.0-172.0/manifest.json,07fc66a3750900a70d13ae76c7090f8b5e87305ae602ee6bc215f9efc25be273,selected-clip-reviewed-live-context-pending,docs/CREW_ACTION_REVIEW_2026-09-12.md; native instrument study and selected-source logs in output/crew-replacement-2026-09-12/marsh,"Review continuous live workplace entry, action and exit"
marsh,body,kneel-east,other-motion-and-transitions,3,character/marsh-v2/packs/bare-184x184-p92.0-172.0/manifest.json,1c2bc9e130682a357151979704b9dda06fb240bccec5bfc2ecbf3332024f366c,needs-evidence-reconciliation,,Reconcile prior evidence; review or replace as needed
marsh,body,kneel-north,other-motion-and-transitions,3,character/marsh-v2/packs/bare-184x184-p92.0-172.0/manifest.json,1effae0fc6dbfc34fe317e5ca9d8a0d1adc43375b3d35e7d84b5a3832cc910aa,needs-evidence-reconciliation,,Reconcile prior evidence; review or replace as needed
marsh,body,kneel-south,other-motion-and-transitions,3,character/marsh-v2/packs/bare-184x184-p92.0-172.0/manifest.json,ac828f859d60847de31b96945a4c0e758cb568292bccbb95133ed7a7462ed801,needs-evidence-reconciliation,,Reconcile prior evidence; review or replace as needed
marsh,body,kneel-west,other-motion-and-transitions,3,character/marsh-v2/packs/bare-184x184-p92.0-172.0/manifest.json,5ebaa5099888bff77b9226f0e8734b11c71cea9e3ef275e0efc6a0b94b13eebd,needs-evidence-reconciliation,,Reconcile prior evidence; review or replace as needed
marsh,body,lie-down-east,other-motion-and-transitions,4,character/marsh-v2/packs/bare-184x184-p92.0-172.0/manifest.json,9f2d3377bdd865a2217638083e2b19eb1c4a415c94b2419311f5e4280cd2857d,needs-evidence-reconciliation,,Reconcile prior evidence; review or replace as needed
marsh,body,lie-down-north,other-motion-and-transitions,4,character/marsh-v2/packs/bare-184x184-p92.0-172.0/manifest.json,04331e86ca74578e5d0a4582bbd1da5404102797d395040eb702b14e34bf3cfe,needs-evidence-reconciliation,,Reconcile prior evidence; review or replace as needed
marsh,body,lie-down-south,other-motion-and-transitions,4,character/marsh-v2/packs/bare-184x184-p92.0-172.0/manifest.json,c247ae69bffd6f415a054de0a79d4f9ca4617b96bb74548ca14c45d0a2f57b95,needs-evidence-reconciliation,,Reconcile prior evidence; review or replace as needed
marsh,body,lie-down-west,other-motion-and-transitions,4,character/marsh-v2/packs/bare-184x184-p92.0-172.0/manifest.json,7ed39feb86fba1609402ab5cc5466d9e0bd184ff7d6e211b470033c94eea148b,needs-evidence-reconciliation,,Reconcile prior evidence; review or replace as needed
marsh,body,pickup-east,other-motion-and-transitions,4,character/marsh-v2/packs/bare-184x184-p92.0-172.0/manifest.json,52d18effb21674db29ef7c04a33eca12bfb16da64644f8670a0ec217a75525da,needs-evidence-reconciliation,,Reconcile prior evidence; review or replace as needed
marsh,body,pickup-north,other-motion-and-transitions,4,character/marsh-v2/packs/bare-184x184-p92.0-172.0/manifest.json,4113a6704e039796d0a1e94209f83a7f4d3d894fb6e379bf10398803880e6700,needs-evidence-reconciliation,,Reconcile prior evidence; review or replace as needed
marsh,body,pickup-south,other-motion-and-transitions,4,character/marsh-v2/packs/bare-184x184-p92.0-172.0/manifest.json,e345c59b33514f2f5e1c8fa3e8b41a06db23b716550c2496f9512f9416069203,needs-evidence-reconciliation,,Reconcile prior evidence; review or replace as needed
marsh,body,pickup-west,other-motion-and-transitions,4,character/marsh-v2/packs/bare-184x184-p92.0-172.0/manifest.json,80a0a3dcec27e1be6c764e013a18fcd694a299f770af13221998a47b7283ac08,needs-evidence-reconciliation,,Reconcile prior evidence; review or replace as needed
marsh,body,read-seated-east,daily-life,3,character/marsh-v2/packs/bare-184x184-p92.0-172.0/manifest.json,d430be4a3bb3f613d4e6ba3953f5d22d6e0ab4557640c853b68e30a9fe43a163,review-rework-pending,,Repair batch active; review authored identity/motion and fitted equipment
marsh,body,read-seated-north,daily-life,3,character/marsh-v2/packs/bare-184x184-p92.0-172.0/manifest.json,06ce8e0708c65f4e92326aedab7ac0cf9e91cf171e05e2c2333253386bb37a7f,review-rework-pending,,Repair batch active; review authored identity/motion and fitted equipment
marsh,body,read-seated-south,daily-life,3,character/marsh-v2/packs/bare-184x184-p92.0-172.0/manifest.json,2e9acc22c1e8d1d79b9677691d601c53de1ad8b0b51b0dab549a3124a19838a3,review-rework-pending,,Repair batch active; review authored identity/motion and fitted equipment
marsh,body,read-seated-west,daily-life,3,character/marsh-v2/packs/bare-184x184-p92.0-172.0/manifest.json,cb27cecf838676b5b54f246d214ac7c366fe4ad80176673c8777a14800379fe3,review-rework-pending,,Repair batch active; review authored identity/motion and fitted equipment
marsh,body,recover-air-east,water,6,character/marsh-v2/packs/bare-184x184-p92.0-172.0/manifest.json,1e48df001e7c0e9649c3a30b1dcb396db771fe56d0872e26be0d21af7e1f12ea,needs-evidence-reconciliation,,Reconcile prior evidence; review or replace as needed
marsh,body,recover-air-north,water,6,character/marsh-v2/packs/bare-184x184-p92.0-172.0/manifest.json,64480fa0803d4c8300bcf9d2c5e989c4dd0b50a12a8eb9575781b6e796701f47,needs-evidence-reconciliation,,Reconcile prior evidence; review or replace as needed
marsh,body,recover-air-south,water,6,character/marsh-v2/packs/bare-184x184-p92.0-172.0/manifest.json,6fa47a6a9d5c5f61b08c4f8d6becb1904a85330fdd33dfdace50a3c4ab2ad483,needs-evidence-reconciliation,,Reconcile prior evidence; review or replace as needed
marsh,body,recover-air-west,water,6,character/marsh-v2/packs/bare-184x184-p92.0-172.0/manifest.json,305187902c34831d227dda7c64e9778a1eb5a4009344a5d674d47a59dd7a94fb,needs-evidence-reconciliation,,Reconcile prior evidence; review or replace as needed
marsh,body,remove-helmet-east,other-motion-and-transitions,6,character/marsh-v2/packs/bare-184x184-p92.0-172.0/manifest.json,1e48df001e7c0e9649c3a30b1dcb396db771fe56d0872e26be0d21af7e1f12ea,needs-evidence-reconciliation,,Reconcile prior evidence; review or replace as needed
marsh,body,remove-helmet-north,other-motion-and-transitions,6,character/marsh-v2/packs/bare-184x184-p92.0-172.0/manifest.json,64480fa0803d4c8300bcf9d2c5e989c4dd0b50a12a8eb9575781b6e796701f47,needs-evidence-reconciliation,,Reconcile prior evidence; review or replace as needed
marsh,body,remove-helmet-south,other-motion-and-transitions,6,character/marsh-v2/packs/bare-184x184-p92.0-172.0/manifest.json,6fa47a6a9d5c5f61b08c4f8d6becb1904a85330fdd33dfdace50a3c4ab2ad483,needs-evidence-reconciliation,,Reconcile prior evidence; review or replace as needed
marsh,body,remove-helmet-west,other-motion-and-transitions,6,character/marsh-v2/packs/bare-184x184-p92.0-172.0/manifest.json,305187902c34831d227dda7c64e9778a1eb5a4009344a5d674d47a59dd7a94fb,needs-evidence-reconciliation,,Reconcile prior evidence; review or replace as needed
marsh,body,repair-east,repair,6,character/marsh-v2/packs/bare-184x184-p92.0-172.0/manifest.json,1e48df001e7c0e9649c3a30b1dcb396db771fe56d0872e26be0d21af7e1f12ea,review-rework-pending,,Repair batch active; review authored identity/motion and fitted equipment
marsh,body,repair-north,repair,6,character/marsh-v2/packs/bare-184x184-p92.0-172.0/manifest.json,64480fa0803d4c8300bcf9d2c5e989c4dd0b50a12a8eb9575781b6e796701f47,review-rework-pending,,Repair batch active; review authored identity/motion and fitted equipment
marsh,body,repair-south,repair,6,character/marsh-v2/packs/bare-184x184-p92.0-172.0/manifest.json,6fa47a6a9d5c5f61b08c4f8d6becb1904a85330fdd33dfdace50a3c4ab2ad483,review-rework-pending,,Repair batch active; review authored identity/motion and fitted equipment
marsh,body,repair-west,repair,6,character/marsh-v2/packs/bare-184x184-p92.0-172.0/manifest.json,305187902c34831d227dda7c64e9778a1eb5a4009344a5d674d47a59dd7a94fb,review-rework-pending,,Repair batch active; review authored identity/motion and fitted equipment
marsh,body,run-east,other-motion-and-transitions,6,character/marsh-v2/packs/bare-184x184-p92.0-172.0/manifest.json,4369bcb858cedfe7f6cdcec807980b194ce8d9e927609a1222bfb64e8766621f,needs-evidence-reconciliation,,Reconcile prior evidence; review or replace as needed
marsh,body,run-north,other-motion-and-transitions,6,character/marsh-v2/packs/bare-184x184-p92.0-172.0/manifest.json,c3598cf9cc8dbde4180f5beeacfd2ac3a422e78af02d27cbbb79e1ac6c328694,needs-evidence-reconciliation,,Reconcile prior evidence; review or replace as needed
marsh,body,run-south,other-motion-and-transitions,6,character/marsh-v2/packs/bare-184x184-p92.0-172.0/manifest.json,5b02c4654bea7243ec70e888cc2ae59e20f602525d310f83416036b3cb60d4c9,needs-evidence-reconciliation,,Reconcile prior evidence; review or replace as needed
marsh,body,run-west,other-motion-and-transitions,6,character/marsh-v2/packs/bare-184x184-p92.0-172.0/manifest.json,0dd514269880168a2b5aa4e52bc94237259e529e412553a58251ad23c783463f,needs-evidence-reconciliation,,Reconcile prior evidence; review or replace as needed
marsh,body,salvage-east,water,6,character/marsh-v2/packs/bare-184x184-p92.0-172.0/manifest.json,1e48df001e7c0e9649c3a30b1dcb396db771fe56d0872e26be0d21af7e1f12ea,needs-evidence-reconciliation,,Reconcile prior evidence; review or replace as needed
marsh,body,salvage-north,water,6,character/marsh-v2/packs/bare-184x184-p92.0-172.0/manifest.json,64480fa0803d4c8300bcf9d2c5e989c4dd0b50a12a8eb9575781b6e796701f47,needs-evidence-reconciliation,,Reconcile prior evidence; review or replace as needed
marsh,body,salvage-south,water,6,character/marsh-v2/packs/bare-184x184-p92.0-172.0/manifest.json,6fa47a6a9d5c5f61b08c4f8d6becb1904a85330fdd33dfdace50a3c4ab2ad483,needs-evidence-reconciliation,,Reconcile prior evidence; review or replace as needed
marsh,body,salvage-west,water,6,character/marsh-v2/packs/bare-184x184-p92.0-172.0/manifest.json,305187902c34831d227dda7c64e9778a1eb5a4009344a5d674d47a59dd7a94fb,needs-evidence-reconciliation,,Reconcile prior evidence; review or replace as needed
marsh,body,sit-down-east,other-motion-and-transitions,4,character/marsh-v2/packs/bare-184x184-p92.0-172.0/manifest.json,a5431ebe84a50328b90357a34f008e58d1dd175e54b600c12450fb463a603794,needs-evidence-reconciliation,,Reconcile prior evidence; review or replace as needed
marsh,body,sit-down-north,other-motion-and-transitions,4,character/marsh-v2/packs/bare-184x184-p92.0-172.0/manifest.json,67b433dbce2b6090e9d4101f79ed77eada5a59f21784ca29582354d2096f4272,needs-evidence-reconciliation,,Reconcile prior evidence; review or replace as needed
marsh,body,sit-down-south,other-motion-and-transitions,4,character/marsh-v2/packs/bare-184x184-p92.0-172.0/manifest.json,9b7028b8946403b0799a1c51e654b424f67d4c0c2433da993226622ca7e2faef,needs-evidence-reconciliation,,Reconcile prior evidence; review or replace as needed
marsh,body,sit-down-west,other-motion-and-transitions,4,character/marsh-v2/packs/bare-184x184-p92.0-172.0/manifest.json,6e3ad635e59308f03af6513289f51979fc9f7971c84312ca24f395559fee1d26,needs-evidence-reconciliation,,Reconcile prior evidence; review or replace as needed
marsh,body,sit-idle-east,other-motion-and-transitions,2,character/marsh-v2/packs/bare-184x184-p92.0-172.0/manifest.json,a584d1787491b58ad8ae8d8ea29d399faa8cab0e3b91ec17ff258df665bc8285,needs-evidence-reconciliation,,Reconcile prior evidence; review or replace as needed
marsh,body,sit-idle-north,other-motion-and-transitions,2,character/marsh-v2/packs/bare-184x184-p92.0-172.0/manifest.json,ae032a6c3c2829d77398c66283a585155631ac14e39508eaa57a051817da386e,needs-evidence-reconciliation,,Reconcile prior evidence; review or replace as needed
marsh,body,sit-idle-south,other-motion-and-transitions,2,character/marsh-v2/packs/bare-184x184-p92.0-172.0/manifest.json,c29af1144a5bb7e4389a741f9ffd6908bc0d748777a16e30af6abe4a2cc5ad36,needs-evidence-reconciliation,,Reconcile prior evidence; review or replace as needed
marsh,body,sit-idle-west,other-motion-and-transitions,2,character/marsh-v2/packs/bare-184x184-p92.0-172.0/manifest.json,dee898ee62b49c9b84817a50f8fc146986b83d71b52d699bb5426807c74e14f6,needs-evidence-reconciliation,,Reconcile prior evidence; review or replace as needed
marsh,body,sit-rise-east,other-motion-and-transitions,4,character/marsh-v2/packs/bare-184x184-p92.0-172.0/manifest.json,a94e93f772eacb77f98df24c60451270f8dc4f66ae1e6ba9b4cbb6cc8d08b9ac,needs-evidence-reconciliation,,Reconcile prior evidence; review or replace as needed
marsh,body,sit-rise-north,other-motion-and-transitions,4,character/marsh-v2/packs/bare-184x184-p92.0-172.0/manifest.json,f1efa76ef35cf1086b98fe369167f447afadb36313e7f0becaacfde3ab6280ed,needs-evidence-reconciliation,,Reconcile prior evidence; review or replace as needed
marsh,body,sit-rise-south,other-motion-and-transitions,4,character/marsh-v2/packs/bare-184x184-p92.0-172.0/manifest.json,c486cb454f759b4320accbc1d9352d397c9ebfd23b0ca9750d618fadb2a6849c,needs-evidence-reconciliation,,Reconcile prior evidence; review or replace as needed
marsh,body,sit-rise-west,other-motion-and-transitions,4,character/marsh-v2/packs/bare-184x184-p92.0-172.0/manifest.json,6c8f2b49556de86c4c830d0fa2e114baf15e0dd9cbd1601a37375008a26cbc27,needs-evidence-reconciliation,,Reconcile prior evidence; review or replace as needed
marsh,body,sleep-east,other-motion-and-transitions,2,character/marsh-v2/packs/bare-184x184-p92.0-172.0/manifest.json,9c5ef01aeb1e0f0af45af2d9ecd1acaf3bdf76327f453255f8dafdf0ca7d3ad2,needs-evidence-reconciliation,,Reconcile prior evidence; review or replace as needed
marsh,body,sleep-north,other-motion-and-transitions,2,character/marsh-v2/packs/bare-184x184-p92.0-172.0/manifest.json,4102507bab780662f852b8a183934a3f1b2ae6ae770253bd0851db2ace73147b,needs-evidence-reconciliation,,Reconcile prior evidence; review or replace as needed
marsh,body,sleep-south,other-motion-and-transitions,2,character/marsh-v2/packs/bare-184x184-p92.0-172.0/manifest.json,9c509615d281c777e7f2872fd7dd0b99cb61d13615baaacff807c6964954cd97,needs-evidence-reconciliation,,Reconcile prior evidence; review or replace as needed
marsh,body,sleep-west,other-motion-and-transitions,2,character/marsh-v2/packs/bare-184x184-p92.0-172.0/manifest.json,26e01f35ad9abfd8e356c688530bee8c43027a00f0c7b76639a5b542b7bfbe03,needs-evidence-reconciliation,,Reconcile prior evidence; review or replace as needed
marsh,body,stand-east,other-motion-and-transitions,3,character/marsh-v2/packs/bare-184x184-p92.0-172.0/manifest.json,9aac3ae5cdc15b56320ca69ec8c6c40f165ab26664194d0d034bf3c4b2794f94,needs-evidence-reconciliation,,Reconcile prior evidence; review or replace as needed
marsh,body,stand-north,other-motion-and-transitions,3,character/marsh-v2/packs/bare-184x184-p92.0-172.0/manifest.json,293554e03ae7b46e82821d084d5ca69869e7a0530c270f50470cd1b76105a482,needs-evidence-reconciliation,,Reconcile prior evidence; review or replace as needed
marsh,body,stand-south,other-motion-and-transitions,3,character/marsh-v2/packs/bare-184x184-p92.0-172.0/manifest.json,7a1ca983f31a039ca8c45b504eb0140896a05a7b614c5f2c3bdb169d6e2f692f,needs-evidence-reconciliation,,Reconcile prior evidence; review or replace as needed
marsh,body,stand-west,other-motion-and-transitions,3,character/marsh-v2/packs/bare-184x184-p92.0-172.0/manifest.json,fae0626b2891c4b02eb2552801e346930289bc16b1c3de4cbc5853d66f2ac6b8,needs-evidence-reconciliation,,Reconcile prior evidence; review or replace as needed
marsh,body,swim-carry-east,water,6,character/marsh-v2/packs/bare-184x184-p92.0-172.0/manifest.json,91600e7a9a3fe993004af9e1f660fea8a4b7f1090e9f06e3328c2df00c9f743d,needs-evidence-reconciliation,,Reconcile prior evidence; review or replace as needed
marsh,body,swim-carry-north,water,6,character/marsh-v2/packs/bare-184x184-p92.0-172.0/manifest.json,6f331f5b510ec6c4ec42e1d2efab9141749590e8b3570495e63113b1f5500160,needs-evidence-reconciliation,,Reconcile prior evidence; review or replace as needed
marsh,body,swim-carry-south,water,6,character/marsh-v2/packs/bare-184x184-p92.0-172.0/manifest.json,3f265fe9762599ec20d6b29d3fb3e5b4473a1dfa45eeebe737f0bffe1a4bfac1,needs-evidence-reconciliation,,Reconcile prior evidence; review or replace as needed
marsh,body,swim-carry-west,water,6,character/marsh-v2/packs/bare-184x184-p92.0-172.0/manifest.json,7c4403424f468a7b7703240abfa783bcb38e0ea6283d3f430c194722d3a34239,needs-evidence-reconciliation,,Reconcile prior evidence; review or replace as needed
marsh,body,swim-distress-east,water,6,character/marsh-v2/packs/bare-184x184-p92.0-172.0/manifest.json,91600e7a9a3fe993004af9e1f660fea8a4b7f1090e9f06e3328c2df00c9f743d,needs-evidence-reconciliation,,Reconcile prior evidence; review or replace as needed
marsh,body,swim-distress-north,water,6,character/marsh-v2/packs/bare-184x184-p92.0-172.0/manifest.json,6f331f5b510ec6c4ec42e1d2efab9141749590e8b3570495e63113b1f5500160,needs-evidence-reconciliation,,Reconcile prior evidence; review or replace as needed
marsh,body,swim-distress-south,water,6,character/marsh-v2/packs/bare-184x184-p92.0-172.0/manifest.json,3f265fe9762599ec20d6b29d3fb3e5b4473a1dfa45eeebe737f0bffe1a4bfac1,needs-evidence-reconciliation,,Reconcile prior evidence; review or replace as needed
marsh,body,swim-distress-west,water,6,character/marsh-v2/packs/bare-184x184-p92.0-172.0/manifest.json,7c4403424f468a7b7703240abfa783bcb38e0ea6283d3f430c194722d3a34239,needs-evidence-reconciliation,,Reconcile prior evidence; review or replace as needed
marsh,body,swim-east,water,4,character/marsh-v2/packs/bare-184x184-p92.0-172.0/manifest.json,4048246392a15dc44da0650c233ccb0a6883c27c659412689082cacd8b84f6e9,needs-evidence-reconciliation,,Reconcile prior evidence; review or replace as needed
marsh,body,swim-north,water,4,character/marsh-v2/packs/bare-184x184-p92.0-172.0/manifest.json,73ced94e3ec0bde10a88db76765d32f80a6056cb601b2115391f92afa1e7b292,needs-evidence-reconciliation,,Reconcile prior evidence; review or replace as needed
marsh,body,swim-pickup-east,water,6,character/marsh-v2/packs/bare-184x184-p92.0-172.0/manifest.json,1e48df001e7c0e9649c3a30b1dcb396db771fe56d0872e26be0d21af7e1f12ea,needs-evidence-reconciliation,,Reconcile prior evidence; review or replace as needed
marsh,body,swim-pickup-north,water,6,character/marsh-v2/packs/bare-184x184-p92.0-172.0/manifest.json,64480fa0803d4c8300bcf9d2c5e989c4dd0b50a12a8eb9575781b6e796701f47,needs-evidence-reconciliation,,Reconcile prior evidence; review or replace as needed
marsh,body,swim-pickup-south,water,6,character/marsh-v2/packs/bare-184x184-p92.0-172.0/manifest.json,6fa47a6a9d5c5f61b08c4f8d6becb1904a85330fdd33dfdace50a3c4ab2ad483,needs-evidence-reconciliation,,Reconcile prior evidence; review or replace as needed
marsh,body,swim-pickup-west,water,6,character/marsh-v2/packs/bare-184x184-p92.0-172.0/manifest.json,305187902c34831d227dda7c64e9778a1eb5a4009344a5d674d47a59dd7a94fb,needs-evidence-reconciliation,,Reconcile prior evidence; review or replace as needed
marsh,body,swim-south,water,4,character/marsh-v2/packs/bare-184x184-p92.0-172.0/manifest.json,b397322286a1e020766d983f716095137976b794d2ce94b950c1288f112cf8cc,needs-evidence-reconciliation,,Reconcile prior evidence; review or replace as needed
marsh,body,swim-west,water,4,character/marsh-v2/packs/bare-184x184-p92.0-172.0/manifest.json,6df0e2dd8cfc570907f549b07caae13bddda0315d0425ef2c9b91e81b8dd586a,needs-evidence-reconciliation,,Reconcile prior evidence; review or replace as needed
marsh,body,torch-draw-east,other-motion-and-transitions,6,character/marsh-v2/packs/bare-184x184-p92.0-172.0/manifest.json,a160d288886da96e478bfd1b2f25efba970a0c58fa0d3823416df91152d66d19,needs-evidence-reconciliation,,Reconcile prior evidence; review or replace as needed
marsh,body,torch-draw-north,other-motion-and-transitions,6,character/marsh-v2/packs/bare-184x184-p92.0-172.0/manifest.json,5363bbdeb25cebaecc7798d5f6c5950242538fa52c431ad88ab4d4baf2557036,needs-evidence-reconciliation,,Reconcile prior evidence; review or replace as needed
marsh,body,torch-draw-south,other-motion-and-transitions,6,character/marsh-v2/packs/bare-184x237-p92.0-172.0/manifest.json,3f915784f1c365a94426c09b470e7193aa1cd446e085cc03111286a17d2aa532,needs-evidence-reconciliation,,Reconcile prior evidence; review or replace as needed
marsh,body,torch-draw-west,other-motion-and-transitions,6,character/marsh-v2/packs/bare-184x184-p92.0-172.0/manifest.json,a2b653447858908be468e473b4aeeccb4d215f2844dc04e6a3f8c9a6ccbc07e4,needs-evidence-reconciliation,,Reconcile prior evidence; review or replace as needed
marsh,body,torch-stow-east,other-motion-and-transitions,6,character/marsh-v2/packs/bare-184x184-p92.0-172.0/manifest.json,51c2e89b98341579047382c37960a0d286452d2651bb6ea46ecff6f9d7610b4b,needs-evidence-reconciliation,,Reconcile prior evidence; review or replace as needed
marsh,body,torch-stow-north,other-motion-and-transitions,6,character/marsh-v2/packs/bare-184x184-p92.0-172.0/manifest.json,97401ad3c5c9d4d4cf70f7885c5d73a6d5af2405620179fb0256438f3423899a,needs-evidence-reconciliation,,Reconcile prior evidence; review or replace as needed
marsh,body,torch-stow-south,other-motion-and-transitions,6,character/marsh-v2/packs/bare-184x237-p92.0-172.0/manifest.json,2a06deb99b1721e376daddd016254a21b611f866398f50a85a6ac9974418465b,needs-evidence-reconciliation,,Reconcile prior evidence; review or replace as needed
marsh,body,torch-stow-west,other-motion-and-transitions,6,character/marsh-v2/packs/bare-184x184-p92.0-172.0/manifest.json,9df4fb2933bbe5685da22e0f818c129af9eb1a9d34e3d98e2c0a32763c49d496,needs-evidence-reconciliation,,Reconcile prior evidence; review or replace as needed
marsh,body,tread-east,water,4,character/marsh-v2/packs/bare-184x184-p92.0-172.0/manifest.json,c9cafffd0571953ad3c02b0b3cbea447f0d6739e58af0184fd285741fcdaf81a,needs-evidence-reconciliation,,Reconcile prior evidence; review or replace as needed
marsh,body,tread-north,water,4,character/marsh-v2/packs/bare-184x184-p92.0-172.0/manifest.json,d5c5c750598149078bdd8dffb532fc559e1cc12d5077d258e2e4e665ea5b300a,needs-evidence-reconciliation,,Reconcile prior evidence; review or replace as needed
marsh,body,tread-south,water,4,character/marsh-v2/packs/bare-184x184-p92.0-172.0/manifest.json,20e3d02cae34a3c1ae083f0bd3cdcb5d8c76f564e8a8d92f37660ef77f7f0dd8,needs-evidence-reconciliation,,Reconcile prior evidence; review or replace as needed
marsh,body,tread-west,water,4,character/marsh-v2/packs/bare-184x184-p92.0-172.0/manifest.json,36ef60546f75d5c445c29827ca6f6b5fa577d3cd2dfd313418958306953fa877,needs-evidence-reconciliation,,Reconcile prior evidence; review or replace as needed
marsh,body,unload-east,other-motion-and-transitions,4,character/marsh-v2/packs/bare-184x184-p92.0-172.0/manifest.json,1bb32796a667a624ede3fd3f304920534244d08c71406efb5148219a01ce63cf,needs-evidence-reconciliation,,Reconcile prior evidence; review or replace as needed
marsh,body,unload-north,other-motion-and-transitions,4,character/marsh-v2/packs/bare-184x184-p92.0-172.0/manifest.json,a7a675f6b58e86f72a8822f4fe11c284e923e4a465506250e045a4fe433ee7f2,needs-evidence-reconciliation,,Reconcile prior evidence; review or replace as needed
marsh,body,unload-south,other-motion-and-transitions,4,character/marsh-v2/packs/bare-184x184-p92.0-172.0/manifest.json,ee47640a77f0763768f5d7bbc046b364917191d3b85fe1ece6fbc5ecd0a65941,needs-evidence-reconciliation,,Reconcile prior evidence; review or replace as needed
marsh,body,unload-west,other-motion-and-transitions,4,character/marsh-v2/packs/bare-184x184-p92.0-172.0/manifest.json,a0f52b41a9d7d9fbf290b08cd73002d45fbd7bc3bd085166a070b63c14db465f,needs-evidence-reconciliation,,Reconcile prior evidence; review or replace as needed
marsh,body,walk-east,other-motion-and-transitions,6,character/marsh-v2/packs/bare-184x184-p92.0-172.0/manifest.json,c34eb43273f7928e2bc2b630862eb8a5864cd35822516b82a28e49a479b219d8,whole-body-gait-selected-live-walk-reviewed,docs/HANDOFF_MARSH_MOTION_2026-09-12.md; output/crew-replacement-2026-09-12/marsh/live-walk-review-east-padded/live-walk-review.json,Owner review; broader transitions remain open
marsh,body,walk-north,other-motion-and-transitions,6,character/marsh-v2/packs/bare-184x184-p92.0-172.0/manifest.json,74cda7a3de79ac7dd5055eadfda4b85c13ef58fc47a2816effa6e86d489d4110,whole-body-gait-selected-live-walk-reviewed,docs/HANDOFF_MARSH_MOTION_2026-09-12.md; output/crew-replacement-2026-09-12/marsh/live-walk-review-north-padded/live-walk-review.json,Owner review; broader transitions remain open
marsh,body,walk-south,other-motion-and-transitions,6,character/marsh-v2/packs/bare-184x184-p92.0-172.0/manifest.json,a1ffc08e782800d877287bfa5b7cd0bb45f0acfd69b6e8b5b4c5dfd28969a9e1,whole-body-gait-selected-live-walk-reviewed,docs/HANDOFF_MARSH_MOTION_2026-09-12.md; output/crew-replacement-2026-09-12/marsh/live-walk-review-south-padded/live-walk-review.json,Owner review; broader transitions remain open
marsh,body,walk-start-east,other-motion-and-transitions,4,character/marsh-v2/supplemental/ground-east/manifest.json,6765bdc7b25ab0cb762d4eaf59dccf5aedb2aceaad630b1588e2ebf541f7f050,selected-transition-native-reviewed-short-step-polish-pending,docs/HANDOFF_MARSH_GROUND_TRANSITIONS_2026-09-13.md,Polish short repositioning entry/exit and review higher cadence; author other directions and goal-specific arrivals.
marsh,body,walk-start-west,other-motion-and-transitions,4,character/marsh-v2/supplemental/ground-west/manifest.json,73e012b95d59750833bc4f9b47857fc89ae08d737a5fd100def2ab23333741f9,selected-west-motion-native-and-save-reviewed,docs/HANDOFF_MARSH_WEST_TRANSITIONS_2026-09-13.md,Broader autonomous routes and remaining directional motion polish
marsh,body,walk-step-east,other-motion-and-transitions,7,character/marsh-v2/supplemental/ground-east/manifest.json,674f4a5f29e5c8ded607e061779581e2bc05ba9131eb15cec4420e52e2706cb4,selected-short-step-native-and-save-reviewed,docs/HANDOFF_MARSH_SHORT_STEP_2026-09-13.md,Review autonomous use and 60fps; author other tiny distances and directions.
marsh,body,walk-step-west,other-motion-and-transitions,7,character/marsh-v2/supplemental/ground-west/manifest.json,8e63c8730e9e51fbe6a6f4f9186b8b281361c91d612174ad81eac437895d56d5,selected-west-motion-native-and-save-reviewed,docs/HANDOFF_MARSH_WEST_TRANSITIONS_2026-09-13.md,Broader autonomous routes and remaining directional motion polish
marsh,body,walk-stop-east,other-motion-and-transitions,4,character/marsh-v2/supplemental/ground-east/manifest.json,f560492ae572a7ba202fddce3b0b2c10e8dafe9e44b77b47a8456f6bcbde98d4,selected-transition-native-reviewed-short-step-polish-pending,docs/HANDOFF_MARSH_GROUND_TRANSITIONS_2026-09-13.md,Polish short repositioning entry/exit and review higher cadence; author other directions and goal-specific arrivals.
marsh,body,walk-stop-west,other-motion-and-transitions,4,character/marsh-v2/supplemental/ground-west/manifest.json,0461e5deb6484815d730b9e9747847a7f8624f600406db1b4f894077766a3fef,selected-west-motion-native-and-save-reviewed,docs/HANDOFF_MARSH_WEST_TRANSITIONS_2026-09-13.md,Broader autonomous routes and remaining directional motion polish
marsh,body,walk-west,other-motion-and-transitions,6,character/marsh-v2/packs/bare-184x184-p92.0-172.0/manifest.json,4707cc218aed5091d8c66f660254e6aed6095c7f42350d72acc77424fc605f33,whole-body-gait-selected-live-walk-reviewed,docs/HANDOFF_MARSH_MOTION_2026-09-12.md; output/crew-replacement-2026-09-12/marsh/live-walk-review-west-padded/live-walk-review.json,Owner review; broader transitions remain open
marsh,body,weld-east,other-motion-and-transitions,6,character/marsh-v2/packs/bare-184x184-p92.0-172.0/manifest.json,55b1032af5dafa6ad7b3b1af9c2b3220b4e7fac29d9fd6eb0e1b78ae933b2493,needs-evidence-reconciliation,,Reconcile prior evidence; review or replace as needed
marsh,body,weld-north,other-motion-and-transitions,6,character/marsh-v2/packs/bare-184x184-p92.0-172.0/manifest.json,3f59b66eace9528ea25be048c19669ff48647da63934f98da1aabd473d8c2c4d,needs-evidence-reconciliation,,Reconcile prior evidence; review or replace as needed
marsh,body,weld-south,other-motion-and-transitions,6,character/marsh-v2/packs/bare-184x237-p92.0-172.0/manifest.json,e681c5999500ed0a012d8ab60ffc494a6aaf6f87f178537dd9e0d3b76be0ced3,needs-evidence-reconciliation,,Reconcile prior evidence; review or replace as needed
marsh,body,weld-west,other-motion-and-transitions,6,character/marsh-v2/packs/bare-184x184-p92.0-172.0/manifest.json,51539cfdf9f1fc92dd03dd49d85dfcf5de9d65acf7858aa336fe073c19ab63fa,needs-evidence-reconciliation,,Reconcile prior evidence; review or replace as needed
veld,body,carry-east,other-motion-and-transitions,6,character/dr-veld-v2/packs/bare-256x256-p128.0-224.0/manifest.json,79da1500c33fc670075c1e2173fc7927fb9c0c14673bf03f213ea9a4aecf92e8,identity-review-reopened,,"Owner correction: woman, silver-streaked bun, no glasses; compare canonical concept and correct affected bare/equipped frames before renewed acceptance"
veld,body,carry-north,other-motion-and-transitions,6,character/dr-veld-v2/packs/bare-256x256-p128.0-224.0/manifest.json,29064ae527c67e995ef32d712656bece06cd6381dcbed51c7b85459ae6a507ac,identity-review-reopened,,"Owner correction: woman, silver-streaked bun, no glasses; compare canonical concept and correct affected bare/equipped frames before renewed acceptance"
veld,body,carry-south,other-motion-and-transitions,6,character/dr-veld-v2/packs/bare-256x256-p128.0-224.0/manifest.json,2f7411d4c3574a8994987d3a6c49a83c889a8c6b6d67b52d3713808fa47c5527,identity-review-reopened,,"Owner correction: woman, silver-streaked bun, no glasses; compare canonical concept and correct affected bare/equipped frames before renewed acceptance"
veld,body,carry-turn-east-north,other-motion-and-transitions,6,character/dr-veld-v2/packs/bare-256x256-p128.0-224.0/manifest.json,ff3a7e237c9124d5f6c3936580a55e5a4bba3c38b6fa731bf7baa411bf634663,identity-review-reopened,,"Owner correction: woman, silver-streaked bun, no glasses; compare canonical concept and correct affected bare/equipped frames before renewed acceptance"
veld,body,carry-turn-east-south,other-motion-and-transitions,6,character/dr-veld-v2/packs/bare-256x256-p128.0-224.0/manifest.json,ea403d28a3f9b1ad75e9b01cd67136c642a552c4291a9ba768d9ea63eec78a0e,identity-review-reopened,,"Owner correction: woman, silver-streaked bun, no glasses; compare canonical concept and correct affected bare/equipped frames before renewed acceptance"
veld,body,carry-turn-east-west,other-motion-and-transitions,12,character/dr-veld-v2/packs/bare-256x256-p128.0-224.0/manifest.json,e78c695bb9e7c0ef0ed4f000cc16f1aa21c5b75b183a25e010683d1037fcc5a7,identity-review-reopened,,"Owner correction: woman, silver-streaked bun, no glasses; compare canonical concept and correct affected bare/equipped frames before renewed acceptance"
veld,body,carry-turn-north-east,other-motion-and-transitions,6,character/dr-veld-v2/packs/bare-256x256-p128.0-224.0/manifest.json,fedc8063f8406739b005b81ca90bf1db170d194242f887f0109b55bcd78daa66,identity-review-reopened,,"Owner correction: woman, silver-streaked bun, no glasses; compare canonical concept and correct affected bare/equipped frames before renewed acceptance"
veld,body,carry-turn-north-south,other-motion-and-transitions,12,character/dr-veld-v2/packs/bare-256x256-p128.0-224.0/manifest.json,696c7609b4ca122cc30de9dabf760dd2ced230c9c9eb581b18fdde7e2c73b07a,identity-review-reopened,,"Owner correction: woman, silver-streaked bun, no glasses; compare canonical concept and correct affected bare/equipped frames before renewed acceptance"
veld,body,carry-turn-north-west,other-motion-and-transitions,6,character/dr-veld-v2/packs/bare-256x256-p128.0-224.0/manifest.json,3bc5649e79e6ae2031778f6237e37cfa0b451090388fe49005352d3d72c21467,identity-review-reopened,,"Owner correction: woman, silver-streaked bun, no glasses; compare canonical concept and correct affected bare/equipped frames before renewed acceptance"
veld,body,carry-turn-south-east,other-motion-and-transitions,6,character/dr-veld-v2/packs/bare-256x256-p128.0-224.0/manifest.json,89ee4eca85759ff793d4848f7599eafb3a4a56891c4f3290534695fb9a1f74ba,identity-review-reopened,,"Owner correction: woman, silver-streaked bun, no glasses; compare canonical concept and correct affected bare/equipped frames before renewed acceptance"
veld,body,carry-turn-south-north,other-motion-and-transitions,12,character/dr-veld-v2/packs/bare-256x256-p128.0-224.0/manifest.json,285767063069d23eebe80c600fdac90ab28f01174de78909c95d1bf7bf3a1b06,identity-review-reopened,,"Owner correction: woman, silver-streaked bun, no glasses; compare canonical concept and correct affected bare/equipped frames before renewed acceptance"
veld,body,carry-turn-south-west,other-motion-and-transitions,6,character/dr-veld-v2/packs/bare-256x256-p128.0-224.0/manifest.json,524bc64fa21da0c03ad340019b40f8aea04eb02dae4f754fbe109fed6f92cc69,identity-review-reopened,,"Owner correction: woman, silver-streaked bun, no glasses; compare canonical concept and correct affected bare/equipped frames before renewed acceptance"
veld,body,carry-turn-west-east,other-motion-and-transitions,12,character/dr-veld-v2/packs/bare-256x256-p128.0-224.0/manifest.json,5eef2fe97638ce076ebe3ffcb986fac19c02baaf85c56ada0876976b55955215,identity-review-reopened,,"Owner correction: woman, silver-streaked bun, no glasses; compare canonical concept and correct affected bare/equipped frames before renewed acceptance"
veld,body,carry-turn-west-north,other-motion-and-transitions,6,character/dr-veld-v2/packs/bare-256x256-p128.0-224.0/manifest.json,11240c29d69fff014e5d2fa342997c119cb317a2d242ba8ad962b7db220b0aac,identity-review-reopened,,"Owner correction: woman, silver-streaked bun, no glasses; compare canonical concept and correct affected bare/equipped frames before renewed acceptance"
veld,body,carry-turn-west-south,other-motion-and-transitions,6,character/dr-veld-v2/packs/bare-256x256-p128.0-224.0/manifest.json,0f91d9a852321e6615e8da546ec6eaa753310742375382e464fdc56d4b397fc1,identity-review-reopened,,"Owner correction: woman, silver-streaked bun, no glasses; compare canonical concept and correct affected bare/equipped frames before renewed acceptance"
veld,body,carry-west,other-motion-and-transitions,6,character/dr-veld-v2/packs/bare-256x256-p128.0-224.0/manifest.json,9b7f5a7c134b8ec5315cdb3c0a56464e99a384a78b688bb6ff20f2c38d98b730,identity-review-reopened,,"Owner correction: woman, silver-streaked bun, no glasses; compare canonical concept and correct affected bare/equipped frames before renewed acceptance"
veld,body,death-ground-east,death,6,character/dr-veld-v2/packs/bare-184x184-p92.0-172.0/manifest.json,bfddcddde97ab9eccefaded2fc7131946a76d723c5be4cd813da496345809461,identity-review-reopened,,"Owner correction: woman, silver-streaked bun, no glasses; compare canonical concept and correct affected bare/equipped frames before renewed acceptance"
veld,body,death-ground-north,death,6,character/dr-veld-v2/packs/bare-256x256-p128.0-224.0/manifest.json,a503a62227efd43a44d5821e29b8740793621467dfbe8c4b784be82c88ed1ed5,identity-review-reopened,,"Owner correction: woman, silver-streaked bun, no glasses; compare canonical concept and correct affected bare/equipped frames before renewed acceptance"
veld,body,death-ground-south,death,6,character/dr-veld-v2/packs/bare-256x256-p128.0-224.0/manifest.json,0e519594fbe55177be2a5e041688c8dcf20920af60173e4b09cfc6cf5e300c69,identity-review-reopened,,"Owner correction: woman, silver-streaked bun, no glasses; compare canonical concept and correct affected bare/equipped frames before renewed acceptance"
veld,body,death-ground-west,death,6,character/dr-veld-v2/packs/bare-256x256-p128.0-224.0/manifest.json,8b92b9f4f77f8e0b27e590a23585c7a2cd549691577d337ce97f238eec52f373,identity-review-reopened,,"Owner correction: woman, silver-streaked bun, no glasses; compare canonical concept and correct affected bare/equipped frames before renewed acceptance"
veld,body,death-water-east,death,6,character/dr-veld-v2/packs/bare-184x184-p122.0-88.0/manifest.json,bb680ca84cae62a85b8ab3cec10221765fedc6f79c521655dfc463664613160d,identity-review-reopened,,"Owner correction: woman, silver-streaked bun, no glasses; compare canonical concept and correct affected bare/equipped frames before renewed acceptance"
veld,body,death-water-north,death,6,character/dr-veld-v2/packs/bare-256x256-p128.0-128.0/manifest.json,2147a516dc9eb2e6bec9d10358f331e6922f238a4b4cec19f90fedd173b62568,identity-review-reopened,,"Owner correction: woman, silver-streaked bun, no glasses; compare canonical concept and correct affected bare/equipped frames before renewed acceptance"
veld,body,death-water-south,death,6,character/dr-veld-v2/packs/bare-256x256-p128.0-128.0/manifest.json,f56601d613c98b9ea5478ad0f5cdfc1f875867ea3c3a6452777b4dce9faec9b5,identity-review-reopened,,"Owner correction: woman, silver-streaked bun, no glasses; compare canonical concept and correct affected bare/equipped frames before renewed acceptance"
veld,body,death-water-west,death,6,character/dr-veld-v2/packs/bare-256x256-p128.0-128.0/manifest.json,2e12ae7717cc09978a06edfda85d910f4c9ff1e2b4073a44ea89d1e2f8478897,identity-review-reopened,,"Owner correction: woman, silver-streaked bun, no glasses; compare canonical concept and correct affected bare/equipped frames before renewed acceptance"
veld,body,drink-east,daily-life,6,character/dr-veld-v2/packs/bare-256x256-p128.0-224.0/manifest.json,907a998280daaf1d72e7e2c9fc832a980c29537ff8bdc75bae574548067c0804,identity-review-reopened,,"Owner correction: woman, silver-streaked bun, no glasses; compare canonical concept and correct affected bare/equipped frames before renewed acceptance"
veld,body,drink-north,daily-life,6,character/dr-veld-v2/packs/bare-256x256-p128.0-224.0/manifest.json,794095fb81954310af076117ae35a280555a2cd573b383661db6f49372e8f55d,identity-review-reopened,,"Owner correction: woman, silver-streaked bun, no glasses; compare canonical concept and correct affected bare/equipped frames before renewed acceptance"
veld,body,drink-south,daily-life,6,character/dr-veld-v2/packs/bare-256x256-p128.0-224.0/manifest.json,0b41cece506f39e61f96ed509823ee19d69b9d67f4603748cab26a73f3726da7,identity-review-reopened,,"Owner correction: woman, silver-streaked bun, no glasses; compare canonical concept and correct affected bare/equipped frames before renewed acceptance"
veld,body,drink-west,daily-life,6,character/dr-veld-v2/packs/bare-256x256-p128.0-224.0/manifest.json,443d7cd27277a15a59efd033b62c90241f63dfcfbf27095f40aba6104f937b0b,identity-review-reopened,,"Owner correction: woman, silver-streaked bun, no glasses; compare canonical concept and correct affected bare/equipped frames before renewed acceptance"
veld,body,eat-east,daily-life,6,character/dr-veld-v2/packs/bare-256x256-p128.0-224.0/manifest.json,12dc6085d9c6b8d57818b7bc371252203cbc87a0128cc1f946c1abb2c5d6b544,identity-review-reopened,,"Owner correction: woman, silver-streaked bun, no glasses; compare canonical concept and correct affected bare/equipped frames before renewed acceptance"
veld,body,eat-north,daily-life,6,character/dr-veld-v2/packs/bare-256x256-p128.0-224.0/manifest.json,eb1150fb3125136f5220823f44a8271279c80bb0eaee1ffd7d3690f92399ed99,identity-review-reopened,,"Owner correction: woman, silver-streaked bun, no glasses; compare canonical concept and correct affected bare/equipped frames before renewed acceptance"
veld,body,eat-south,daily-life,6,character/dr-veld-v2/packs/bare-256x256-p128.0-224.0/manifest.json,6cca5ab2dbc334bcc383c8f76f15c6e3c16cf726a0b465fb808ac37ca3b7dd23,identity-review-reopened,,"Owner correction: woman, silver-streaked bun, no glasses; compare canonical concept and correct affected bare/equipped frames before renewed acceptance"
veld,body,eat-west,daily-life,6,character/dr-veld-v2/packs/bare-256x256-p128.0-224.0/manifest.json,1a53de38c2e8e0de4de5443b365ad8f90cf010a2b17ae0b005ec76264a5eebeb,identity-review-reopened,,"Owner correction: woman, silver-streaked bun, no glasses; compare canonical concept and correct affected bare/equipped frames before renewed acceptance"
veld,body,equip-helmet-east,other-motion-and-transitions,12,character/dr-veld-v2/packs/bare-184x208-p92.0-196.0/manifest.json,323c711c6e236bb16ee5dbc294c5f734973a04dcfccf2a528962f5f8e2a8bde3,identity-corrected-selected-live-context-pending,output/crew-replacement-2026-09-12/veld/helmet-transition-selected.log; output/crew-replacement-2026-09-12/veld/helmet-transition-validation.log; helmet-transition-study-native/all-phases.png; helmet-transition-selected-native/page-00-frame-06.png; output/crew-replacement-2026-09-12/veld/helmet-locker-source-trace.log; helmet-locker-source-trace-native/*-pose.json; output/crew-replacement-2026-09-12/veld/helmet-locker-continuous-native/handoff-phases.png; output/crew-replacement-2026-09-12/veld/helmet-locker-fitted-shelf.log; helmet-locker-fitted-shelf-native/shelf-handoff-contact.png,Bounded q0 continuous locker review passes with fitted shelf scale. Other rotation/occlusion contexts remain outside this evidence.
veld,body,get-up-east,other-motion-and-transitions,6,character/dr-veld-v2/packs/bare-256x256-p128.0-224.0/manifest.json,b26fa70ba7d4444a797917702b447d19131fdb883377e2781d3d887e6fa731e3,identity-review-reopened,,"Owner correction: woman, silver-streaked bun, no glasses; compare canonical concept and correct affected bare/equipped frames before renewed acceptance"
veld,body,get-up-north,other-motion-and-transitions,6,character/dr-veld-v2/packs/bare-256x256-p128.0-224.0/manifest.json,58b5bcd0ffc721b7a39a7da5de51185cccd7d1c05d10234a9ce8dc743108203d,identity-review-reopened,,"Owner correction: woman, silver-streaked bun, no glasses; compare canonical concept and correct affected bare/equipped frames before renewed acceptance"
veld,body,get-up-south,other-motion-and-transitions,6,character/dr-veld-v2/packs/bare-256x256-p128.0-224.0/manifest.json,073d0924c7742b4a5d3a2ba3a4835e8451e486367c1a80a3d2bc39963784b145,identity-review-reopened,,"Owner correction: woman, silver-streaked bun, no glasses; compare canonical concept and correct affected bare/equipped frames before renewed acceptance"
veld,body,get-up-west,other-motion-and-transitions,6,character/dr-veld-v2/packs/bare-256x256-p128.0-224.0/manifest.json,7e2b4994239824a18ba9a42efa90b8560b685003878ecbd989771f61c49a98b0,identity-review-reopened,,"Owner correction: woman, silver-streaked bun, no glasses; compare canonical concept and correct affected bare/equipped frames before renewed acceptance"
veld,body,idle-east,other-motion-and-transitions,6,character/dr-veld-v2/packs/bare-184x184-p92.0-172.0/manifest.json,3294cf36b1038c3d72bf75718d3471364eb45cb8e2e7c246670936e3f3dac554,identity-corrected-selected-live-context-pending,character/veld-identity-correction-v1/README.md; output/crew-replacement-2026-09-12/veld/identity-scanner-selected-native.log; output/crew-replacement-2026-09-12/veld/identity-scanner-validation.log,Review continuous live workplace sequence; correct movement clips and remaining directions/adjacent transitions
veld,body,idle-north,other-motion-and-transitions,6,character/dr-veld-v2/packs/bare-184x184-p92.0-172.0/manifest.json,096177d49d741801fc8750b4c987684eca31d7104d9994e5959225a1450d8d8c,identity-corrected-selected-live-context-pending,output/crew-replacement-2026-09-12/veld/identity-direction-cadence-native.log; output/crew-replacement-2026-09-12/veld/identity-direction-validation.log; character/veld-identity-correction-v1/README.md,Review continuous direction changes/live activity joins; correct remaining directional actions against canonical identity
veld,body,idle-south,other-motion-and-transitions,6,character/dr-veld-v2/packs/bare-184x184-p92.0-172.0/manifest.json,f44a409990fc9e203d44d852ddc1b98ecb46eea564e30c196e9401f04400a847,identity-corrected-selected-live-context-pending,output/crew-replacement-2026-09-12/veld/identity-direction-cadence-native.log; output/crew-replacement-2026-09-12/veld/identity-direction-validation.log; character/veld-identity-correction-v1/README.md,Review continuous direction changes/live activity joins; correct remaining directional actions against canonical identity
veld,body,idle-west,other-motion-and-transitions,6,character/dr-veld-v2/packs/bare-184x184-p92.0-172.0/manifest.json,6f45c51dc13b55ae04d71587eee03ba2bb9148f4f45bc483eaddeef3dcc24259,identity-corrected-selected-live-context-pending,output/crew-replacement-2026-09-12/veld/identity-direction-cadence-native.log; output/crew-replacement-2026-09-12/veld/identity-direction-validation.log; character/veld-identity-correction-v1/README.md,Review continuous direction changes/live activity joins; correct remaining directional actions against canonical identity
veld,body,inspect-east,other-motion-and-transitions,6,character/dr-veld-v2/packs/bare-256x256-p128.0-224.0/manifest.json,75d17c3501f133091bdb400c47080a31a3bf0478b8ddcf9eb054d5ff09c59c90,identity-review-reopened,,"Owner correction: woman, silver-streaked bun, no glasses; compare canonical concept and correct affected bare/equipped frames before renewed acceptance"
veld,body,inspect-north,other-motion-and-transitions,6,character/dr-veld-v2/packs/bare-256x256-p128.0-224.0/manifest.json,935b0006a0f2153def8a7e477ed6e93cc703fd8601df606446a9dae9f7e71a94,identity-review-reopened,,"Owner correction: woman, silver-streaked bun, no glasses; compare canonical concept and correct affected bare/equipped frames before renewed acceptance"
veld,body,inspect-south,other-motion-and-transitions,6,character/dr-veld-v2/packs/bare-256x256-p128.0-224.0/manifest.json,f006fabf82b806863e21c18ed1e6e32bec7de566a81b1a1ebeb0a228cb8ac651,identity-review-reopened,,"Owner correction: woman, silver-streaked bun, no glasses; compare canonical concept and correct affected bare/equipped frames before renewed acceptance"
veld,body,inspect-west,other-motion-and-transitions,6,character/dr-veld-v2/packs/bare-256x256-p128.0-224.0/manifest.json,145f6b7d9b81b9fe524530784a0c6949dedd02576d8c52e3604ffb45aabb5402,identity-review-reopened,,"Owner correction: woman, silver-streaked bun, no glasses; compare canonical concept and correct affected bare/equipped frames before renewed acceptance"
veld,body,interact-east,instrument,6,character/dr-veld-v2/packs/bare-184x184-p92.0-172.0/manifest.json,1f9697d5b3aa69e7c70c0d850a0d7120b6602db899f722acc95bae00866c7355,identity-corrected-selected-live-context-pending,character/veld-identity-correction-v1/README.md; output/crew-replacement-2026-09-12/veld/identity-scanner-selected-native.log; output/crew-replacement-2026-09-12/veld/identity-scanner-validation.log,Review continuous live workplace sequence; correct movement clips and remaining directions/adjacent transitions
veld,body,interact-north,instrument,6,character/dr-veld-v2/packs/bare-256x256-p128.0-224.0/manifest.json,5f1f7e4499d649888b6a03527b589959b9c6a577c811fd3695d7abea60ecb9e9,identity-corrected-selected-live-context-pending,output/crew-replacement-2026-09-12/veld/identity-north-scanner-body-selected.log; output/crew-replacement-2026-09-12/veld/identity-north-scanner-body-validation.log; output/crew-replacement-2026-09-12/veld/scanner-study-native-north/identity-body01-contact.png; output/crew-replacement-2026-09-12/veld/scanner-study-native-north/identity-body01-preview.gif,"Review continuous live workplace scanner motion and direction/activity joins; clip source, timing and corrected idle endpoints verified."
veld,body,interact-south,instrument,6,character/dr-veld-v2/packs/bare-256x256-p128.0-224.0/manifest.json,35efeb4cfe273dc37fc9e50281334699055c885701b1dc89fd835ff5f707a3e7,identity-corrected-selected-live-context-pending,output/crew-replacement-2026-09-12/veld/identity-south-scanner-body-selected.log; output/crew-replacement-2026-09-12/veld/identity-south-scanner-body-validation.log; output/crew-replacement-2026-09-12/veld/scanner-study-native-south/identity-body02-contact.png,Review continuous live scanner use and direction/activity joins; west/north full-body corrections remain
veld,body,interact-west,instrument,6,character/dr-veld-v2/packs/bare-256x256-p128.0-224.0/manifest.json,50e2bd42c7bcfb8d1a90a39d80e212113e7ee43f9bf2dd98fa1e8db81baa33a1,identity-corrected-selected-live-context-pending,output/crew-replacement-2026-09-12/veld/identity-west-scanner-body-selected.log; output/crew-replacement-2026-09-12/veld/identity-west-scanner-body-validation.log; output/crew-replacement-2026-09-12/veld/scanner-study-native-west/identity-body01-contact.png; output/crew-replacement-2026-09-12/veld/scanner-study-native-west/identity-body01-preview.gif,"Review continuous live workplace scanner motion and direction/activity joins; clip source, timing and corrected idle endpoints verified."
veld,body,kneel-east,other-motion-and-transitions,6,character/dr-veld-v2/packs/bare-184x184-p92.0-172.0/manifest.json,44d8110a614bac06c2110721b5f3064fdb7ce2ccce5fcf530fd45824f48f0362,identity-corrected-selected-live-context-pending,character/veld-identity-correction-v1/README.md; output/crew-replacement-2026-09-12/veld/identity-scanner-selected-native.log; output/crew-replacement-2026-09-12/veld/identity-scanner-validation.log; output/crew-replacement-2026-09-12/veld/live-core-review-east/review-summary.json,Bounded bare autonomous work reviewed; equipped workplace and broader transition/occlusion review remain.
veld,body,kneel-north,other-motion-and-transitions,6,character/dr-veld-v2/packs/bare-256x256-p128.0-224.0/manifest.json,8a62c42a69f7016721fcc62a2229e2901e6b7bac658146ed398edf09d872bd69,identity-corrected-selected-live-context-pending,output/crew-replacement-2026-09-12/veld/identity-north-sample-chain-selected.log; output/crew-replacement-2026-09-12/veld/identity-north-sample-chain-validation.log; output/crew-replacement-2026-09-12/veld/north-sample-chain-study-native/paired-phases.png; output/crew-replacement-2026-09-12/veld/north-sample-chain-study-native/connected-study.gif; output/crew-replacement-2026-09-12/veld/live-core-review/review-summary.json; output/crew-replacement-2026-09-12/veld/live-core-review-sequence.log,North bare autonomous chain reviewed; complete equipped workplace and broader direction/activity/occlusion acceptance.
veld,body,kneel-south,other-motion-and-transitions,6,character/dr-veld-v2/packs/bare-256x256-p128.0-224.0/manifest.json,827d9a33e307e0d45f53564ab494b9e4d106c01051a397be4ff88909e2f5b207,identity-corrected-selected-live-context-pending,output/crew-replacement-2026-09-12/veld/identity-south-sample-chain-selected.log; output/crew-replacement-2026-09-12/veld/identity-south-sample-chain-validation.log; output/crew-replacement-2026-09-12/veld/south-sample-chain-study-native/paired-phases.png; output/crew-replacement-2026-09-12/veld/south-sample-chain-study-native/connected-study.gif; output/crew-replacement-2026-09-12/veld/live-core-review-south/review-summary.json,Bounded bare autonomous work reviewed; equipped workplace and broader transition/occlusion review remain.
veld,body,kneel-west,other-motion-and-transitions,6,character/dr-veld-v2/packs/bare-256x256-p128.0-224.0/manifest.json,b28fc15b083071bfa61b1982b9e1af1ffa9874fe5c7a0c4ef79dae19c1ab9f56,identity-corrected-selected-live-context-pending,output/crew-replacement-2026-09-12/veld/identity-west-sample-chain-selected.log; output/crew-replacement-2026-09-12/veld/identity-west-sample-chain-validation.log; output/crew-replacement-2026-09-12/veld/west-sample-chain-study-native/paired-phases.png; output/crew-replacement-2026-09-12/veld/west-sample-chain-study-native/connected-study.gif,Continuous live workplace sample action and transitions; remaining north repair chain.
veld,body,lie-down-east,other-motion-and-transitions,6,character/dr-veld-v2/packs/bare-256x256-p128.0-224.0/manifest.json,a902c426df857999d52b81dd0006d4dcf2b3a75092bc1fff3c33f84c9d9f7508,identity-review-reopened,,"Owner correction: woman, silver-streaked bun, no glasses; compare canonical concept and correct affected bare/equipped frames before renewed acceptance"
veld,body,lie-down-north,other-motion-and-transitions,6,character/dr-veld-v2/packs/bare-256x256-p128.0-224.0/manifest.json,fa631fdb902e817875ed9ffa82bba76bc7be2dd2e38262a218e1f3f85b52a430,identity-review-reopened,,"Owner correction: woman, silver-streaked bun, no glasses; compare canonical concept and correct affected bare/equipped frames before renewed acceptance"
veld,body,lie-down-south,other-motion-and-transitions,6,character/dr-veld-v2/packs/bare-256x256-p128.0-224.0/manifest.json,8ba621619a4a76066acdaa3f9aa200ed136270e249fd6eea0d63a7fbdc5a4794,identity-review-reopened,,"Owner correction: woman, silver-streaked bun, no glasses; compare canonical concept and correct affected bare/equipped frames before renewed acceptance"
veld,body,lie-down-west,other-motion-and-transitions,6,character/dr-veld-v2/packs/bare-256x256-p128.0-224.0/manifest.json,7b904b76dba2dc0679d41c8bb949d8f80f200149c1a91c3fb9bb1a1e5b9b015c,identity-review-reopened,,"Owner correction: woman, silver-streaked bun, no glasses; compare canonical concept and correct affected bare/equipped frames before renewed acceptance"
veld,body,pickup-east,other-motion-and-transitions,6,character/dr-veld-v2/packs/bare-256x256-p128.0-224.0/manifest.json,837341f2190956f84ea6b829746d8dcb5536a4c379963f317429bfc6bc8978c6,identity-review-reopened,,"Owner correction: woman, silver-streaked bun, no glasses; compare canonical concept and correct affected bare/equipped frames before renewed acceptance"
veld,body,pickup-north,other-motion-and-transitions,6,character/dr-veld-v2/packs/bare-256x256-p128.0-224.0/manifest.json,0c1e88bf186ddc2cf3ccb308528f49e71afe3f63f1ff33a3b096bc337816df32,identity-review-reopened,,"Owner correction: woman, silver-streaked bun, no glasses; compare canonical concept and correct affected bare/equipped frames before renewed acceptance"
veld,body,pickup-south,other-motion-and-transitions,6,character/dr-veld-v2/packs/bare-256x256-p128.0-224.0/manifest.json,db500ea348ed433369d06b7ab77e2d5a549c19be005364e260dec70fdf9d6af5,identity-review-reopened,,"Owner correction: woman, silver-streaked bun, no glasses; compare canonical concept and correct affected bare/equipped frames before renewed acceptance"
veld,body,pickup-west,other-motion-and-transitions,6,character/dr-veld-v2/packs/bare-256x256-p128.0-224.0/manifest.json,0b1fb3e9ba27221760880515ffdc0a79c3997e46c9d182c7c249d3c56aad7490,identity-review-reopened,,"Owner correction: woman, silver-streaked bun, no glasses; compare canonical concept and correct affected bare/equipped frames before renewed acceptance"
veld,body,read-seated-east,daily-life,6,character/dr-veld-v2/packs/bare-256x256-p128.0-224.0/manifest.json,5c6d8e05880cc6db6daa10dfc9c19a9a3d7b02d6bbe1aef8d257da8c78d3a725,identity-review-reopened,,"Owner correction: woman, silver-streaked bun, no glasses; compare canonical concept and correct affected bare/equipped frames before renewed acceptance"
veld,body,read-seated-north,daily-life,6,character/dr-veld-v2/packs/bare-256x256-p128.0-224.0/manifest.json,32120ee2f2dc8a411d1d962fcd6a7fcbf4116f2c5be4bd1805253a26cf4cbaaf,identity-review-reopened,,"Owner correction: woman, silver-streaked bun, no glasses; compare canonical concept and correct affected bare/equipped frames before renewed acceptance"
veld,body,read-seated-south,daily-life,6,character/dr-veld-v2/packs/bare-256x256-p128.0-224.0/manifest.json,8c57d57046da0cee91aa39e5a7b84ce56db6c22271d8fe046d0c13eee6637c45,identity-review-reopened,,"Owner correction: woman, silver-streaked bun, no glasses; compare canonical concept and correct affected bare/equipped frames before renewed acceptance"
veld,body,read-seated-west,daily-life,6,character/dr-veld-v2/packs/bare-256x256-p128.0-224.0/manifest.json,0f36e330005eb726d4cbd7b6043c736c5be5513dd65fd06d84f6142f57798adb,identity-review-reopened,,"Owner correction: woman, silver-streaked bun, no glasses; compare canonical concept and correct affected bare/equipped frames before renewed acceptance"
veld,body,recover-air-east,water,6,character/dr-veld-v2/packs/bare-256x256-p128.0-224.0/manifest.json,d35950e2a540dee473dbf7e0a9e4e76e338decfefa105029249bff9c72e41f16,identity-review-reopened,,"Owner correction: woman, silver-streaked bun, no glasses; compare canonical concept and correct affected bare/equipped frames before renewed acceptance"
veld,body,recover-air-north,water,6,character/dr-veld-v2/packs/bare-256x256-p128.0-224.0/manifest.json,6b1bd122357085d7f2d5da5d3880397b51f4aaf5858c71bec275936f1fb7c2c8,identity-review-reopened,,"Owner correction: woman, silver-streaked bun, no glasses; compare canonical concept and correct affected bare/equipped frames before renewed acceptance"
veld,body,recover-air-south,water,6,character/dr-veld-v2/packs/bare-256x256-p128.0-224.0/manifest.json,7a560387d2baba32231aa0237b20fde8f12315483d721a46e3553e3112ce9492,identity-review-reopened,,"Owner correction: woman, silver-streaked bun, no glasses; compare canonical concept and correct affected bare/equipped frames before renewed acceptance"
veld,body,recover-air-west,water,6,character/dr-veld-v2/packs/bare-256x256-p128.0-224.0/manifest.json,b43112bfae41eefc7bc0a5e2cd8137382fa08d7f9c2f816d04f765358fd3568c,identity-review-reopened,,"Owner correction: woman, silver-streaked bun, no glasses; compare canonical concept and correct affected bare/equipped frames before renewed acceptance"
veld,body,remove-helmet-east,other-motion-and-transitions,12,character/dr-veld-v2/packs/bare-184x208-p92.0-196.0/manifest.json,fa74cbe64e077e69429bbed2c24aa2a40e1cee6427af13c5cc92b6176a63817e,identity-corrected-selected-live-context-pending,output/crew-replacement-2026-09-12/veld/helmet-transition-selected.log; output/crew-replacement-2026-09-12/veld/helmet-transition-validation.log; helmet-transition-study-native/all-phases.png; helmet-transition-selected-native/page-00-frame-06.png; output/crew-replacement-2026-09-12/veld/helmet-locker-source-trace.log; helmet-locker-source-trace-native/*-pose.json; output/crew-replacement-2026-09-12/veld/helmet-locker-continuous-native/handoff-phases.png; output/crew-replacement-2026-09-12/veld/helmet-locker-fitted-shelf.log; helmet-locker-fitted-shelf-native/shelf-handoff-contact.png,Bounded q0 continuous locker review passes with fitted shelf scale. Other rotation/occlusion contexts remain outside this evidence.
veld,body,repair-east,repair,6,character/dr-veld-v2/packs/bare-184x184-p92.0-172.0/manifest.json,14c126d7048cad52e1d906fade57b18d5a408f157470e4e2d74b306a6e1fb7fb,identity-corrected-selected-live-context-pending,character/veld-identity-correction-v1/README.md; output/crew-replacement-2026-09-12/veld/identity-scanner-selected-native.log; output/crew-replacement-2026-09-12/veld/identity-scanner-validation.log; output/crew-replacement-2026-09-12/veld/live-core-review-east/review-summary.json,Bounded bare autonomous work reviewed; equipped workplace and broader transition/occlusion review remain.
veld,body,repair-north,repair,6,character/dr-veld-v2/packs/bare-256x256-p128.0-224.0/manifest.json,8aef78cb86b966b2a34c5670d09b6419e741b80a6e374c022a9c0cd221152ff2,identity-corrected-selected-live-context-pending,output/crew-replacement-2026-09-12/veld/identity-north-sample-chain-selected.log; output/crew-replacement-2026-09-12/veld/identity-north-sample-chain-validation.log; output/crew-replacement-2026-09-12/veld/north-sample-chain-study-native/paired-phases.png; output/crew-replacement-2026-09-12/veld/north-sample-chain-study-native/connected-study.gif; output/crew-replacement-2026-09-12/veld/live-core-review/review-summary.json; output/crew-replacement-2026-09-12/veld/live-core-review-sequence.log,North bare autonomous chain reviewed; complete equipped workplace and broader direction/activity/occlusion acceptance.
veld,body,repair-south,repair,6,character/dr-veld-v2/packs/bare-256x256-p128.0-224.0/manifest.json,841093379ec6b609533e9ded7466a81f9f2d119e20f77cbece982edb40492092,identity-corrected-selected-live-context-pending,output/crew-replacement-2026-09-12/veld/identity-south-sample-chain-selected.log; output/crew-replacement-2026-09-12/veld/identity-south-sample-chain-validation.log; output/crew-replacement-2026-09-12/veld/south-sample-chain-study-native/paired-phases.png; output/crew-replacement-2026-09-12/veld/south-sample-chain-study-native/connected-study.gif; output/crew-replacement-2026-09-12/veld/live-core-review-south/review-summary.json,Bounded bare autonomous work reviewed; equipped workplace and broader transition/occlusion review remain.
veld,body,repair-west,repair,6,character/dr-veld-v2/packs/bare-256x256-p128.0-224.0/manifest.json,6b15bb1066cb028f273dff05d0bfe19a9cb177680dfd939ebe3a73ee71b9f3d0,identity-corrected-selected-live-context-pending,output/crew-replacement-2026-09-12/veld/identity-west-sample-chain-selected.log; output/crew-replacement-2026-09-12/veld/identity-west-sample-chain-validation.log; output/crew-replacement-2026-09-12/veld/west-sample-chain-study-native/paired-phases.png; output/crew-replacement-2026-09-12/veld/west-sample-chain-study-native/connected-study.gif,Continuous live workplace sample action and transitions; remaining north repair chain.
veld,body,salvage-east,water,6,character/dr-veld-v2/packs/bare-256x256-p128.0-128.0/manifest.json,a5c62dfcfd282f3c50e7187d605f01b6f55fd5d09ee9cfb4e4f6e90494903c91,identity-review-reopened,,"Owner correction: woman, silver-streaked bun, no glasses; compare canonical concept and correct affected bare/equipped frames before renewed acceptance"
veld,body,salvage-north,water,6,character/dr-veld-v2/packs/bare-256x256-p128.0-128.0/manifest.json,04467e9eda350f28831fdd5db8be5c5e1e0772edde844ce9305c758f1de85e83,identity-review-reopened,,"Owner correction: woman, silver-streaked bun, no glasses; compare canonical concept and correct affected bare/equipped frames before renewed acceptance"
veld,body,salvage-south,water,6,character/dr-veld-v2/packs/bare-256x256-p128.0-128.0/manifest.json,9923bd8853c8e98e70e86b83ca00923720bcf8ac20413b2be95a623dda36cba4,identity-review-reopened,,"Owner correction: woman, silver-streaked bun, no glasses; compare canonical concept and correct affected bare/equipped frames before renewed acceptance"
veld,body,salvage-west,water,6,character/dr-veld-v2/packs/bare-256x256-p128.0-128.0/manifest.json,8f3c37eee63a0fde924fcd69b99703d860c177492c9c5f1050e2c56b745a42d2,identity-review-reopened,,"Owner correction: woman, silver-streaked bun, no glasses; compare canonical concept and correct affected bare/equipped frames before renewed acceptance"
veld,body,sit-down-east,other-motion-and-transitions,6,character/dr-veld-v2/packs/bare-256x256-p128.0-224.0/manifest.json,6cfc6be3987a38a9f470ea45b32d6091995d6675fa3cdff8de356b093ca95b7f,identity-corrected-selected-live-context-pending,output/crew-replacement-2026-09-12/veld/seated-identity-selected.log; output/crew-replacement-2026-09-12/veld/seated-identity-validation.log; seated-identity-selected-native/page-00-frame-05.png,"Native selected pixels, original timing and exact joins pass. Current furniture selects north-facing seating; live furniture-contact review belongs to that next directional family."
veld,body,sit-down-north,other-motion-and-transitions,6,character/dr-veld-v2/packs/bare-256x256-p128.0-224.0/manifest.json,91f5ed6a0acb83bca178941901a88f6d5f26cff35e1184a68778a794c165ee44,identity-review-reopened,,"Owner correction: woman, silver-streaked bun, no glasses; compare canonical concept and correct affected bare/equipped frames before renewed acceptance"
veld,body,sit-down-south,other-motion-and-transitions,6,character/dr-veld-v2/packs/bare-256x256-p128.0-224.0/manifest.json,734e4151d71df7abcbbd40b8c27378f312d01f028b6d042a3d9233d22019ab46,identity-review-reopened,,"Owner correction: woman, silver-streaked bun, no glasses; compare canonical concept and correct affected bare/equipped frames before renewed acceptance"
veld,body,sit-down-west,other-motion-and-transitions,6,character/dr-veld-v2/packs/bare-256x256-p128.0-224.0/manifest.json,f4868f498ecd8d0334d48d4b27a5013717bb4528a06195c285eb9febda3f5fb2,identity-review-reopened,,"Owner correction: woman, silver-streaked bun, no glasses; compare canonical concept and correct affected bare/equipped frames before renewed acceptance"
veld,body,sit-idle-east,other-motion-and-transitions,6,character/dr-veld-v2/packs/bare-256x256-p128.0-224.0/manifest.json,11782c29fda4912327629f5586608c35f278f34c5b2cc92cfe6faca2c54a28d1,identity-corrected-selected-live-context-pending,output/crew-replacement-2026-09-12/veld/seated-identity-selected.log; output/crew-replacement-2026-09-12/veld/seated-identity-validation.log; seated-identity-selected-native/page-00-frame-05.png,"Native selected pixels, original timing and exact joins pass. Current furniture selects north-facing seating; live furniture-contact review belongs to that next directional family."
veld,body,sit-idle-north,other-motion-and-transitions,6,character/dr-veld-v2/packs/bare-256x256-p128.0-224.0/manifest.json,5ad719c9fbf9e6d3955032e6d2fc5b03c122654be4abb7014b9473168fcb83b1,identity-review-reopened,,"Owner correction: woman, silver-streaked bun, no glasses; compare canonical concept and correct affected bare/equipped frames before renewed acceptance"
veld,body,sit-idle-south,other-motion-and-transitions,6,character/dr-veld-v2/packs/bare-256x256-p128.0-224.0/manifest.json,ba1160bee74d2099332bec8f7f7cb609d28983ee32ad306a82d110312201964b,identity-review-reopened,,"Owner correction: woman, silver-streaked bun, no glasses; compare canonical concept and correct affected bare/equipped frames before renewed acceptance"
veld,body,sit-idle-west,other-motion-and-transitions,6,character/dr-veld-v2/packs/bare-256x256-p128.0-224.0/manifest.json,a5592eff738c5206054535b5c4159818a877e34c2e254c099aaf66d1762896e3,identity-review-reopened,,"Owner correction: woman, silver-streaked bun, no glasses; compare canonical concept and correct affected bare/equipped frames before renewed acceptance"
veld,body,sit-rise-east,other-motion-and-transitions,6,character/dr-veld-v2/packs/bare-256x256-p128.0-224.0/manifest.json,4c54dc23d16fdec8977b24aa582742e872a4ae2ea8c14a72f716ce441e4e14f0,identity-corrected-selected-live-context-pending,output/crew-replacement-2026-09-12/veld/seated-identity-selected.log; output/crew-replacement-2026-09-12/veld/seated-identity-validation.log; seated-identity-selected-native/page-00-frame-05.png,"Native selected pixels, original timing and exact joins pass. Current furniture selects north-facing seating; live furniture-contact review belongs to that next directional family."
veld,body,sit-rise-north,other-motion-and-transitions,6,character/dr-veld-v2/packs/bare-256x256-p128.0-224.0/manifest.json,d8bf77c2a4496b0d84aa0ed3b4ad817fe03a33cac47cfabe3c75402c7993dc53,identity-review-reopened,,"Owner correction: woman, silver-streaked bun, no glasses; compare canonical concept and correct affected bare/equipped frames before renewed acceptance"
veld,body,sit-rise-south,other-motion-and-transitions,6,character/dr-veld-v2/packs/bare-256x256-p128.0-224.0/manifest.json,5b8fa46c3026feb096fbedd8b95c4e4b71be86db8b52e6b2850f0b5b43595fb2,identity-review-reopened,,"Owner correction: woman, silver-streaked bun, no glasses; compare canonical concept and correct affected bare/equipped frames before renewed acceptance"
veld,body,sit-rise-west,other-motion-and-transitions,6,character/dr-veld-v2/packs/bare-256x256-p128.0-224.0/manifest.json,6946b02a742434dc300cbfca17eaeb85ccde35ca7fde79b6a25f1fbe12da4298,identity-review-reopened,,"Owner correction: woman, silver-streaked bun, no glasses; compare canonical concept and correct affected bare/equipped frames before renewed acceptance"
veld,body,sleep-east,other-motion-and-transitions,6,character/dr-veld-v2/packs/bare-256x256-p128.0-224.0/manifest.json,686e185e5eb40c915b105623c1e7308cb07af1103fd9ee8ed5d43d03320b2583,identity-review-reopened,,"Owner correction: woman, silver-streaked bun, no glasses; compare canonical concept and correct affected bare/equipped frames before renewed acceptance"
veld,body,sleep-north,other-motion-and-transitions,6,character/dr-veld-v2/packs/bare-256x256-p128.0-224.0/manifest.json,d72a5a29d0a01d87a3d3f68a4e28f856883bc70a5558c8aae583e472b9482a96,identity-review-reopened,,"Owner correction: woman, silver-streaked bun, no glasses; compare canonical concept and correct affected bare/equipped frames before renewed acceptance"
veld,body,sleep-south,other-motion-and-transitions,6,character/dr-veld-v2/packs/bare-256x256-p128.0-224.0/manifest.json,fbd6f4f3df6d6ff741cfce2f9751909642779c92cc813144a007528f99955ea9,identity-review-reopened,,"Owner correction: woman, silver-streaked bun, no glasses; compare canonical concept and correct affected bare/equipped frames before renewed acceptance"
veld,body,sleep-west,other-motion-and-transitions,6,character/dr-veld-v2/packs/bare-256x256-p128.0-224.0/manifest.json,48888e2207496d7672762015a6ea9de052cf3dc8ec7dd9122b548156421855a3,identity-review-reopened,,"Owner correction: woman, silver-streaked bun, no glasses; compare canonical concept and correct affected bare/equipped frames before renewed acceptance"
veld,body,stand-east,other-motion-and-transitions,6,character/dr-veld-v2/packs/bare-184x184-p92.0-172.0/manifest.json,cd6a930121309441339c74c7a77185575b691ce0ebd2dd2a8989ff7295b2abfd,identity-corrected-selected-live-context-pending,character/veld-identity-correction-v1/README.md; output/crew-replacement-2026-09-12/veld/identity-scanner-selected-native.log; output/crew-replacement-2026-09-12/veld/identity-scanner-validation.log; output/crew-replacement-2026-09-12/veld/live-core-review-east/review-summary.json,Bounded bare autonomous work reviewed; equipped workplace and broader transition/occlusion review remain.
veld,body,stand-north,other-motion-and-transitions,6,character/dr-veld-v2/packs/bare-256x256-p128.0-224.0/manifest.json,0ab4bbc7a4265476175f2cab7f4a60abd2c98446616ccaf2d4752331304da0c1,identity-corrected-selected-live-context-pending,output/crew-replacement-2026-09-12/veld/identity-north-sample-chain-selected.log; output/crew-replacement-2026-09-12/veld/identity-north-sample-chain-validation.log; output/crew-replacement-2026-09-12/veld/north-sample-chain-study-native/paired-phases.png; output/crew-replacement-2026-09-12/veld/north-sample-chain-study-native/connected-study.gif; output/crew-replacement-2026-09-12/veld/live-core-review/review-summary.json; output/crew-replacement-2026-09-12/veld/live-core-review-sequence.log,North bare autonomous chain reviewed; complete equipped workplace and broader direction/activity/occlusion acceptance.
veld,body,stand-south,other-motion-and-transitions,6,character/dr-veld-v2/packs/bare-256x256-p128.0-224.0/manifest.json,cf66f7630b9b3aa4efa385c35459d6931d23d1fc160dd4141bb12dce6a68011d,identity-corrected-selected-live-context-pending,output/crew-replacement-2026-09-12/veld/identity-south-sample-chain-selected.log; output/crew-replacement-2026-09-12/veld/identity-south-sample-chain-validation.log; output/crew-replacement-2026-09-12/veld/south-sample-chain-study-native/paired-phases.png; output/crew-replacement-2026-09-12/veld/south-sample-chain-study-native/connected-study.gif; output/crew-replacement-2026-09-12/veld/live-core-review-south/review-summary.json,Bounded bare autonomous work reviewed; equipped workplace and broader transition/occlusion review remain.
veld,body,stand-west,other-motion-and-transitions,6,character/dr-veld-v2/packs/bare-256x256-p128.0-224.0/manifest.json,a47a6f73f87f216ae6ccb0e65e12f931427e99b6efa1b93905be04fbb74efb8f,identity-corrected-selected-live-context-pending,output/crew-replacement-2026-09-12/veld/identity-west-sample-chain-selected.log; output/crew-replacement-2026-09-12/veld/identity-west-sample-chain-validation.log; output/crew-replacement-2026-09-12/veld/west-sample-chain-study-native/paired-phases.png; output/crew-replacement-2026-09-12/veld/west-sample-chain-study-native/connected-study.gif,Continuous live workplace sample action and transitions; remaining north repair chain.
veld,body,swim-carry-east,water,6,character/dr-veld-v2/packs/bare-256x256-p128.0-128.0/manifest.json,c755b9d7ac706219af15ca2632e59dfd2102403bfeb29d291e366fce6f373bba,identity-review-reopened,,"Owner correction: woman, silver-streaked bun, no glasses; compare canonical concept and correct affected bare/equipped frames before renewed acceptance"
veld,body,swim-carry-north,water,6,character/dr-veld-v2/packs/bare-256x256-p128.0-128.0/manifest.json,6d0d8141d3bf102c4461df4b2611284dce09a4b4a14a0db2c707628c16cb1ae6,identity-review-reopened,,"Owner correction: woman, silver-streaked bun, no glasses; compare canonical concept and correct affected bare/equipped frames before renewed acceptance"
veld,body,swim-carry-south,water,6,character/dr-veld-v2/packs/bare-256x256-p128.0-128.0/manifest.json,39bbf5a45abb60ce36a6dbb7769aeaa4c50f31cb39d885e8bacea8a63257de04,identity-review-reopened,,"Owner correction: woman, silver-streaked bun, no glasses; compare canonical concept and correct affected bare/equipped frames before renewed acceptance"
veld,body,swim-carry-turn-east-north,water,6,character/dr-veld-v2/packs/bare-256x256-p128.0-128.0/manifest.json,d685257b0601a5b0e68a760f0f24c7b6b25f35dc1eee0879b8a2fd0ab79a7530,identity-review-reopened,,"Owner correction: woman, silver-streaked bun, no glasses; compare canonical concept and correct affected bare/equipped frames before renewed acceptance"
veld,body,swim-carry-turn-east-south,water,6,character/dr-veld-v2/packs/bare-256x256-p128.0-128.0/manifest.json,fd850db42f4cb2da9ebca8fb9ef9cc23a2c1ea8f1fdd7fa39f5d6f5fee31a445,identity-review-reopened,,"Owner correction: woman, silver-streaked bun, no glasses; compare canonical concept and correct affected bare/equipped frames before renewed acceptance"
veld,body,swim-carry-turn-east-west,water,12,character/dr-veld-v2/packs/bare-256x256-p128.0-128.0/manifest.json,4efda2b064d0c34fd93ec4874831ecad3516a952e2697c4b6ee3210693d07b9f,identity-review-reopened,,"Owner correction: woman, silver-streaked bun, no glasses; compare canonical concept and correct affected bare/equipped frames before renewed acceptance"
veld,body,swim-carry-turn-north-east,water,6,character/dr-veld-v2/packs/bare-256x256-p128.0-128.0/manifest.json,226d48684295e0f706f64637a612055516ed058026c4fd4eaba0159bcb140665,identity-review-reopened,,"Owner correction: woman, silver-streaked bun, no glasses; compare canonical concept and correct affected bare/equipped frames before renewed acceptance"
veld,body,swim-carry-turn-north-south,water,12,character/dr-veld-v2/packs/bare-256x256-p128.0-128.0/manifest.json,19b1c94c7d94b2f7c9f148e3cbba9c448f4166d38cefc5003407820a11674127,identity-review-reopened,,"Owner correction: woman, silver-streaked bun, no glasses; compare canonical concept and correct affected bare/equipped frames before renewed acceptance"
veld,body,swim-carry-turn-north-west,water,6,character/dr-veld-v2/packs/bare-256x256-p128.0-128.0/manifest.json,6adbc4a86bd460e3767fb6a9be1fe9489b78c1dfe261ede75ea9d5c0a37a30d3,identity-review-reopened,,"Owner correction: woman, silver-streaked bun, no glasses; compare canonical concept and correct affected bare/equipped frames before renewed acceptance"
veld,body,swim-carry-turn-south-east,water,6,character/dr-veld-v2/packs/bare-256x256-p128.0-128.0/manifest.json,29c7db1a95941d4844f7caf66bfc24420097ad7d7d3f12af23e05ba7d47b618a,identity-review-reopened,,"Owner correction: woman, silver-streaked bun, no glasses; compare canonical concept and correct affected bare/equipped frames before renewed acceptance"
veld,body,swim-carry-turn-south-north,water,12,character/dr-veld-v2/packs/bare-256x256-p128.0-128.0/manifest.json,7ddac4499601b19d90b66821efff5122364fc7eaafc88e5815c918b38c8fbca9,identity-review-reopened,,"Owner correction: woman, silver-streaked bun, no glasses; compare canonical concept and correct affected bare/equipped frames before renewed acceptance"
veld,body,swim-carry-turn-south-west,water,6,character/dr-veld-v2/packs/bare-256x256-p128.0-128.0/manifest.json,c7f1de9e6e37ead7457b4b13a4a159dcb84fb9507ad8b7ac4b355f2c5d5d8026,identity-review-reopened,,"Owner correction: woman, silver-streaked bun, no glasses; compare canonical concept and correct affected bare/equipped frames before renewed acceptance"
veld,body,swim-carry-turn-west-east,water,12,character/dr-veld-v2/packs/bare-256x256-p128.0-128.0/manifest.json,2bcdd061eb104fd09d225af319c104830627a76775f85c1ab0b5e66e2ed9f237,identity-review-reopened,,"Owner correction: woman, silver-streaked bun, no glasses; compare canonical concept and correct affected bare/equipped frames before renewed acceptance"
veld,body,swim-carry-turn-west-north,water,6,character/dr-veld-v2/packs/bare-256x256-p128.0-128.0/manifest.json,257326429e3c8d4d47eb6da1262775fecbe1f01b51cb6db816a47c6ca90f18b4,identity-review-reopened,,"Owner correction: woman, silver-streaked bun, no glasses; compare canonical concept and correct affected bare/equipped frames before renewed acceptance"
veld,body,swim-carry-turn-west-south,water,6,character/dr-veld-v2/packs/bare-256x256-p128.0-128.0/manifest.json,75ce7b2c7a1786e8d04fb358a93ba25660d3b5c5ed5bf045daa75177ba44ea4a,identity-review-reopened,,"Owner correction: woman, silver-streaked bun, no glasses; compare canonical concept and correct affected bare/equipped frames before renewed acceptance"
veld,body,swim-carry-west,water,6,character/dr-veld-v2/packs/bare-256x256-p128.0-128.0/manifest.json,0bd56d8e1abdbc19425dbc48194ed885804223580c6fd1f9917142cd860f3fd7,identity-review-reopened,,"Owner correction: woman, silver-streaked bun, no glasses; compare canonical concept and correct affected bare/equipped frames before renewed acceptance"
veld,body,swim-distress-east,water,6,character/dr-veld-v2/packs/bare-256x256-p128.0-128.0/manifest.json,f2b745a72319bf5d7aa72df4f6f7c2f6ab319eb8e069ee7f6a883787e177ceab,identity-review-reopened,,"Owner correction: woman, silver-streaked bun, no glasses; compare canonical concept and correct affected bare/equipped frames before renewed acceptance"
veld,body,swim-distress-north,water,6,character/dr-veld-v2/packs/bare-256x256-p128.0-128.0/manifest.json,5046fe009944dfde76d5af20e48715af2e2436e3169c98d10d616c0a5a850264,identity-review-reopened,,"Owner correction: woman, silver-streaked bun, no glasses; compare canonical concept and correct affected bare/equipped frames before renewed acceptance"
veld,body,swim-distress-south,water,6,character/dr-veld-v2/packs/bare-256x256-p128.0-128.0/manifest.json,8637d092408c231531c96551f985c6aaf6d17f8d3ecba4e4d4e4cc3bed068de9,identity-review-reopened,,"Owner correction: woman, silver-streaked bun, no glasses; compare canonical concept and correct affected bare/equipped frames before renewed acceptance"
veld,body,swim-distress-west,water,6,character/dr-veld-v2/packs/bare-256x256-p128.0-128.0/manifest.json,a4bfedb85cc0f8db4cc7104f978a866be01b0934b04f588edf82364980bd2ba1,identity-review-reopened,,"Owner correction: woman, silver-streaked bun, no glasses; compare canonical concept and correct affected bare/equipped frames before renewed acceptance"
veld,body,swim-east,water,6,character/dr-veld-v2/packs/bare-208x184-p122.0-88.0/manifest.json,9d02d0b482e8d5de25b0141909ec5bc9d01ef98a17a5b4533013d3a5ad5ae675,identity-review-reopened,,"Owner correction: woman, silver-streaked bun, no glasses; compare canonical concept and correct affected bare/equipped frames before renewed acceptance"
veld,body,swim-north,water,6,character/dr-veld-v2/packs/bare-184x184-p92.0-54.0/manifest.json,a8c15d31d499f12ac626f778d230059ff228b1131d5906f1ab351bd3a458badc,identity-review-reopened,,"Owner correction: woman, silver-streaked bun, no glasses; compare canonical concept and correct affected bare/equipped frames before renewed acceptance"
veld,body,swim-pickup-east,water,6,character/dr-veld-v2/packs/bare-256x256-p128.0-128.0/manifest.json,a54f7ac1ddafeb4dbe155e2c6414f1ad035da36fb4aa1c749ad368bb10bae185,identity-review-reopened,,"Owner correction: woman, silver-streaked bun, no glasses; compare canonical concept and correct affected bare/equipped frames before renewed acceptance"
veld,body,swim-pickup-north,water,6,character/dr-veld-v2/packs/bare-256x256-p128.0-128.0/manifest.json,b86f42f6975ff6aa58e1adf4146de57e958049477f723b6dedacb38433539233,identity-review-reopened,,"Owner correction: woman, silver-streaked bun, no glasses; compare canonical concept and correct affected bare/equipped frames before renewed acceptance"
veld,body,swim-pickup-south,water,6,character/dr-veld-v2/packs/bare-256x256-p128.0-128.0/manifest.json,2b8f7d490c05a1e3a231bc41ed81d91677c8cbe5c56edaa3083798bf81bc7c2c,identity-review-reopened,,"Owner correction: woman, silver-streaked bun, no glasses; compare canonical concept and correct affected bare/equipped frames before renewed acceptance"
veld,body,swim-pickup-west,water,6,character/dr-veld-v2/packs/bare-256x256-p128.0-128.0/manifest.json,b259c999cf5c3f46410df4aad8b24245fa41343d1dc9cf2ad5fd36d29679b8fd,identity-review-reopened,,"Owner correction: woman, silver-streaked bun, no glasses; compare canonical concept and correct affected bare/equipped frames before renewed acceptance"
veld,body,swim-south,water,6,character/dr-veld-v2/packs/bare-208x224-p104.0-152.0/manifest.json,7146917c318ac2bff7f53c56af44d1f10fc09761570876f5f5dfa155aaab6f53,identity-review-reopened,,"Owner correction: woman, silver-streaked bun, no glasses; compare canonical concept and correct affected bare/equipped frames before renewed acceptance"
veld,body,swim-start-east,water,6,character/dr-veld-v2/packs/bare-256x256-p128.0-128.0/manifest.json,fc8c42aeb285a327668da92131b0566e63a12ad1fe31a18be1b23154707d16b9,identity-review-reopened,,"Owner correction: woman, silver-streaked bun, no glasses; compare canonical concept and correct affected bare/equipped frames before renewed acceptance"
veld,body,swim-start-north,water,6,character/dr-veld-v2/packs/bare-256x256-p128.0-128.0/manifest.json,8a9e4f4cb467504ac966a1f62c66648952c79b828299e0e7b475c7cca688898c,identity-review-reopened,,"Owner correction: woman, silver-streaked bun, no glasses; compare canonical concept and correct affected bare/equipped frames before renewed acceptance"
veld,body,swim-start-south,water,6,character/dr-veld-v2/packs/bare-256x256-p128.0-128.0/manifest.json,5faa82c1049d99410e7c355305325ebccb75d0ca34bd547c50056c47e68711b4,identity-review-reopened,,"Owner correction: woman, silver-streaked bun, no glasses; compare canonical concept and correct affected bare/equipped frames before renewed acceptance"
veld,body,swim-start-west,water,6,character/dr-veld-v2/packs/bare-256x256-p128.0-128.0/manifest.json,c85cfe7d6818510b82f82586021f2999665411e73f919e78058913450f5c26d3,identity-review-reopened,,"Owner correction: woman, silver-streaked bun, no glasses; compare canonical concept and correct affected bare/equipped frames before renewed acceptance"
veld,body,swim-stop-east,water,6,character/dr-veld-v2/packs/bare-256x256-p128.0-128.0/manifest.json,6cb64e6fb6be4e223f8544c8e4924ede96a8665b1216272437487f1de609d64d,identity-review-reopened,,"Owner correction: woman, silver-streaked bun, no glasses; compare canonical concept and correct affected bare/equipped frames before renewed acceptance"
veld,body,swim-stop-north,water,6,character/dr-veld-v2/packs/bare-256x256-p128.0-128.0/manifest.json,2963a88a6d1dca7dbfb574f4d6bc9dff5b096da11252c91b6987a467c94c56bd,identity-review-reopened,,"Owner correction: woman, silver-streaked bun, no glasses; compare canonical concept and correct affected bare/equipped frames before renewed acceptance"
veld,body,swim-stop-south,water,6,character/dr-veld-v2/packs/bare-256x256-p128.0-128.0/manifest.json,0d7fe6a08b5a8bd3f9fb27129f6a2cfdfe02ab534d6e352c99aadf1d9647d6c6,identity-review-reopened,,"Owner correction: woman, silver-streaked bun, no glasses; compare canonical concept and correct affected bare/equipped frames before renewed acceptance"
veld,body,swim-stop-west,water,6,character/dr-veld-v2/packs/bare-256x256-p128.0-128.0/manifest.json,dd1b008db86c1bdaad9ae4ab725a11007f34fd17eba07b5b248e48bd589f087d,identity-review-reopened,,"Owner correction: woman, silver-streaked bun, no glasses; compare canonical concept and correct affected bare/equipped frames before renewed acceptance"
veld,body,swim-turn-east-north,water,6,character/dr-veld-v2/packs/bare-256x256-p128.0-128.0/manifest.json,222ae8073488ded3bccb203d498f2b1bed9c49d23a871b7139c78f4e81125f64,identity-review-reopened,,"Owner correction: woman, silver-streaked bun, no glasses; compare canonical concept and correct affected bare/equipped frames before renewed acceptance"
veld,body,swim-turn-east-south,water,6,character/dr-veld-v2/packs/bare-256x256-p128.0-128.0/manifest.json,cd49110e2be99f018dd96132017190d35a76c0ae00cfc8f8e546a773920b24a1,identity-review-reopened,,"Owner correction: woman, silver-streaked bun, no glasses; compare canonical concept and correct affected bare/equipped frames before renewed acceptance"
veld,body,swim-turn-east-west,water,12,character/dr-veld-v2/packs/bare-256x256-p128.0-128.0/manifest.json,43a70f66d088aa234acada598a9f5e019daa1e5dffe745db845ba833398671d4,identity-review-reopened,,"Owner correction: woman, silver-streaked bun, no glasses; compare canonical concept and correct affected bare/equipped frames before renewed acceptance"
veld,body,swim-turn-north-east,water,6,character/dr-veld-v2/packs/bare-256x256-p128.0-128.0/manifest.json,6850c47a0021297fac02c6598a920b283433ec386ecadd8a62bff02ada5b2d3b,identity-review-reopened,,"Owner correction: woman, silver-streaked bun, no glasses; compare canonical concept and correct affected bare/equipped frames before renewed acceptance"
veld,body,swim-turn-north-south,water,12,character/dr-veld-v2/packs/bare-256x256-p128.0-128.0/manifest.json,066842878e2f8de668faa196b6c5a9a655fb12e617c5b270cf067652cbf630fc,identity-review-reopened,,"Owner correction: woman, silver-streaked bun, no glasses; compare canonical concept and correct affected bare/equipped frames before renewed acceptance"
veld,body,swim-turn-north-west,water,6,character/dr-veld-v2/packs/bare-256x256-p128.0-128.0/manifest.json,fb48f5f070a6e65854958072cb90fa7178d0ff76a2e8745f1f8c89fd2fa0bb47,identity-review-reopened,,"Owner correction: woman, silver-streaked bun, no glasses; compare canonical concept and correct affected bare/equipped frames before renewed acceptance"
veld,body,swim-turn-south-east,water,6,character/dr-veld-v2/packs/bare-256x256-p128.0-128.0/manifest.json,03ddbc54318d49234df959529329bbe036689611bede377099fec56ffcc9f629,identity-review-reopened,,"Owner correction: woman, silver-streaked bun, no glasses; compare canonical concept and correct affected bare/equipped frames before renewed acceptance"
veld,body,swim-turn-south-north,water,12,character/dr-veld-v2/packs/bare-256x256-p128.0-128.0/manifest.json,4c504fbfd38876b53a3393261ee0218c8972967817b610a516abf73309ad91cb,identity-review-reopened,,"Owner correction: woman, silver-streaked bun, no glasses; compare canonical concept and correct affected bare/equipped frames before renewed acceptance"
veld,body,swim-turn-south-west,water,6,character/dr-veld-v2/packs/bare-256x256-p128.0-128.0/manifest.json,fdfdf53e1a96894edceb5e943f98c65fdbf825a5b3cbd717520f847eba6d11c9,identity-review-reopened,,"Owner correction: woman, silver-streaked bun, no glasses; compare canonical concept and correct affected bare/equipped frames before renewed acceptance"
veld,body,swim-turn-west-east,water,12,character/dr-veld-v2/packs/bare-256x256-p128.0-128.0/manifest.json,f118db37f591f75a211c7df404a03d7f7d6c779b06203b820c6cf33ee7590c83,identity-review-reopened,,"Owner correction: woman, silver-streaked bun, no glasses; compare canonical concept and correct affected bare/equipped frames before renewed acceptance"
veld,body,swim-turn-west-north,water,6,character/dr-veld-v2/packs/bare-256x256-p128.0-128.0/manifest.json,11adbcac5fc85151538b65a538ecc6368eaae69fa9e112b3a16fa9ed7b67e90a,identity-review-reopened,,"Owner correction: woman, silver-streaked bun, no glasses; compare canonical concept and correct affected bare/equipped frames before renewed acceptance"
veld,body,swim-turn-west-south,water,6,character/dr-veld-v2/packs/bare-256x256-p128.0-128.0/manifest.json,24dc53d6629686a5012abad0b9797b8c20a37af7869833ff618828d221ea1160,identity-review-reopened,,"Owner correction: woman, silver-streaked bun, no glasses; compare canonical concept and correct affected bare/equipped frames before renewed acceptance"
veld,body,swim-west,water,6,character/dr-veld-v2/packs/bare-208x184-p86.0-88.0/manifest.json,73a652672109c4e4d0d542cb84deae4fc904150dc477b4a094eaf6565dc13c7c,identity-review-reopened,,"Owner correction: woman, silver-streaked bun, no glasses; compare canonical concept and correct affected bare/equipped frames before renewed acceptance"
veld,body,torch-draw-east,other-motion-and-transitions,6,character/dr-veld-v2/packs/bare-256x256-p128.0-224.0/manifest.json,830cc739648b6895941162191f812d019e277a422be6fb6454846fdf393ff17a,identity-review-reopened,,"Owner correction: woman, silver-streaked bun, no glasses; compare canonical concept and correct affected bare/equipped frames before renewed acceptance"
veld,body,torch-draw-north,other-motion-and-transitions,6,character/dr-veld-v2/packs/bare-256x256-p128.0-224.0/manifest.json,e48e51676b1d90addd1f1e999a225c0b8eb437aac15d2f60331ac6cc433451eb,identity-review-reopened,,"Owner correction: woman, silver-streaked bun, no glasses; compare canonical concept and correct affected bare/equipped frames before renewed acceptance"
veld,body,torch-draw-south,other-motion-and-transitions,6,character/dr-veld-v2/packs/bare-256x256-p128.0-224.0/manifest.json,82db4e04d755cae7b7d34c5b69a8991a622d813fd5d19d74d21dab79c59f9126,identity-review-reopened,,"Owner correction: woman, silver-streaked bun, no glasses; compare canonical concept and correct affected bare/equipped frames before renewed acceptance"
veld,body,torch-draw-west,other-motion-and-transitions,6,character/dr-veld-v2/packs/bare-256x256-p128.0-224.0/manifest.json,3249ce027816a0434cc2304322ae341b0641af498ca96d63fd0b080b78c418ba,identity-review-reopened,,"Owner correction: woman, silver-streaked bun, no glasses; compare canonical concept and correct affected bare/equipped frames before renewed acceptance"
veld,body,torch-stow-east,other-motion-and-transitions,6,character/dr-veld-v2/packs/bare-256x256-p128.0-224.0/manifest.json,27832a791528dd27a15fee195862589a19dd35fa4fc0dd83c749e38d7f987ba3,identity-review-reopened,,"Owner correction: woman, silver-streaked bun, no glasses; compare canonical concept and correct affected bare/equipped frames before renewed acceptance"
veld,body,torch-stow-north,other-motion-and-transitions,6,character/dr-veld-v2/packs/bare-256x256-p128.0-224.0/manifest.json,1f7a0615ef663d6d8e2af278189a94df76b533f10215c83f17cbeb822c656f52,identity-review-reopened,,"Owner correction: woman, silver-streaked bun, no glasses; compare canonical concept and correct affected bare/equipped frames before renewed acceptance"
veld,body,torch-stow-south,other-motion-and-transitions,6,character/dr-veld-v2/packs/bare-256x256-p128.0-224.0/manifest.json,c872343ab29069e997774aad6ca96169df32c48acbecfa2fcd3e1da646648983,identity-review-reopened,,"Owner correction: woman, silver-streaked bun, no glasses; compare canonical concept and correct affected bare/equipped frames before renewed acceptance"
veld,body,torch-stow-west,other-motion-and-transitions,6,character/dr-veld-v2/packs/bare-256x256-p128.0-224.0/manifest.json,6f995e48b3197f1ced66ef803a77ddac59ce42a4e88c0a4c2a6e8fe734c28e33,identity-review-reopened,,"Owner correction: woman, silver-streaked bun, no glasses; compare canonical concept and correct affected bare/equipped frames before renewed acceptance"
veld,body,tread-east,water,6,character/dr-veld-v2/packs/bare-184x184-p92.0-70.0/manifest.json,81ee0e5dad68b983c5104d5fa2e04e977297d98d3158c1d9e82d5d3a1277b671,identity-review-reopened,,"Owner correction: woman, silver-streaked bun, no glasses; compare canonical concept and correct affected bare/equipped frames before renewed acceptance"
veld,body,tread-north,water,6,character/dr-veld-v2/packs/bare-184x184-p92.0-70.0/manifest.json,240eadfa2674821b324d15f46875131ba65ebc7124b7b5c0e71bdb65faf68c8a,identity-review-reopened,,"Owner correction: woman, silver-streaked bun, no glasses; compare canonical concept and correct affected bare/equipped frames before renewed acceptance"
veld,body,tread-south,water,6,character/dr-veld-v2/packs/bare-184x184-p92.0-70.0/manifest.json,5a78227e4333f564be0b1fc2ebb54ae5a8159e8ad667a9d175d46ad15ce4abdd,identity-review-reopened,,"Owner correction: woman, silver-streaked bun, no glasses; compare canonical concept and correct affected bare/equipped frames before renewed acceptance"
veld,body,tread-west,water,6,character/dr-veld-v2/packs/bare-184x184-p92.0-70.0/manifest.json,b961b8023a626d497921b138d73388d77307af741708edf9efbcfccc68313f28,identity-review-reopened,,"Owner correction: woman, silver-streaked bun, no glasses; compare canonical concept and correct affected bare/equipped frames before renewed acceptance"
veld,body,unload-east,other-motion-and-transitions,6,character/dr-veld-v2/packs/bare-256x256-p128.0-224.0/manifest.json,c450f78424655b6ca832c31f06a7310d1e250781a5b00dc9af7e5e5df418e6a6,identity-review-reopened,,"Owner correction: woman, silver-streaked bun, no glasses; compare canonical concept and correct affected bare/equipped frames before renewed acceptance"
veld,body,unload-north,other-motion-and-transitions,6,character/dr-veld-v2/packs/bare-256x256-p128.0-224.0/manifest.json,9bc1f5d496b24759fd8b417103fc4c862cad2f7fe46e88e182a40ffad816ef07,identity-review-reopened,,"Owner correction: woman, silver-streaked bun, no glasses; compare canonical concept and correct affected bare/equipped frames before renewed acceptance"
veld,body,unload-south,other-motion-and-transitions,6,character/dr-veld-v2/packs/bare-256x256-p128.0-224.0/manifest.json,f95d029cc92176709b9eb6016348e351bff138bc1c08b04d974c87428ccaf1e8,identity-review-reopened,,"Owner correction: woman, silver-streaked bun, no glasses; compare canonical concept and correct affected bare/equipped frames before renewed acceptance"
veld,body,unload-west,other-motion-and-transitions,6,character/dr-veld-v2/packs/bare-256x256-p128.0-224.0/manifest.json,803a9af5edc82b3a56398b0b09091d3c0c4a3416d223e11703024c5928c755a4,identity-review-reopened,,"Owner correction: woman, silver-streaked bun, no glasses; compare canonical concept and correct affected bare/equipped frames before renewed acceptance"
veld,body,walk-east,other-motion-and-transitions,6,character/dr-veld-v2/packs/bare-184x184-p92.0-172.0/manifest.json,28ef50268a8b50c7efb4e1dcd2cb3a2dce633bd2a11cfba0a37a483edee8a109,whole-body-gait-selected-live-walk-reviewed,character/veld-identity-correction-v1/review/walk-video-cycle-01/paired-contact.png; character/veld-identity-correction-v1/review/walk-video-cycle-01/sole-contact-analysis.json; output/crew-replacement-2026-09-12/veld/video-walk-selected-native.log; output/crew-replacement-2026-09-12/veld/video-walk-validation.log; output/crew-replacement-2026-09-12/veld/video-walk-live-bare.log; output/crew-replacement-2026-09-12/veld/video-walk-live-helmet.log; live-core-review-east-walk/live-walk-contact.png; live-core-review-helmet-east-walk/live-walk-contact.png,Review idle start/stop and additional turns; owner review remains open. Continue remaining 18 rejected walk variants.
veld,body,walk-north,other-motion-and-transitions,6,character/dr-veld-v2/packs/bare-184x184-p92.0-172.0/manifest.json,47dcbc49bdce98c8f7cb96cec7ef43a9cda95c25181c4ad13c31dab2a7a8229f,whole-body-gait-selected-live-walk-reviewed,character/veld-identity-correction-v1/review/walk-north-video-cycle-01/paired-contact.png; output/crew-replacement-2026-09-12/veld/north-video-walk-selected-native.log; output/crew-replacement-2026-09-12/veld/north-video-walk-validation.log; output/crew-replacement-2026-09-12/veld/north-video-walk-live-bare-episodes.log; output/crew-replacement-2026-09-12/veld/north-video-walk-live-helmet-isolated.log,Review idle starts/stops and additional turns; owner review remains open. Continue Branforth eight and Marsh four rejected walk variants.
veld,body,walk-south,other-motion-and-transitions,6,character/dr-veld-v2/packs/bare-184x184-p92.0-172.0/manifest.json,631fc3a361683457e454bb4883d5f8a482f41e112d4a8da7650a5dc8828b37f3,whole-body-gait-selected-live-walk-reviewed,character/veld-identity-correction-v1/review/walk-south-video-cycle-01/paired-contact.png; output/crew-replacement-2026-09-12/veld/south-video-walk-selected-native.log; output/crew-replacement-2026-09-12/veld/south-video-walk-validation.log; output/crew-replacement-2026-09-12/veld/south-video-walk-live-bare.log; output/crew-replacement-2026-09-12/veld/south-video-walk-live-helmet.log,Review idle starts/stops and additional turns; owner review remains open. Continue remaining 14 rejected walk variants.
veld,body,walk-west,other-motion-and-transitions,6,character/dr-veld-v2/packs/bare-184x184-p92.0-172.0/manifest.json,ac8fd76f3ea7b10d5faa16aed7f81f57906d8a32a1d7c985cb67c511c69e8ab3,whole-body-gait-selected-live-walk-reviewed,character/veld-identity-correction-v1/review/walk-west-video-cycle-01/paired-contact.png; character/veld-identity-correction-v1/review/walk-west-video-cycle-01/sole-contact-analysis.json; output/crew-replacement-2026-09-12/veld/west-video-walk-selected-native.log; output/crew-replacement-2026-09-12/veld/west-video-walk-validation.log; output/crew-replacement-2026-09-12/veld/west-video-walk-live-bare.log; output/crew-replacement-2026-09-12/veld/west-video-walk-live-helmet.log,Review idle starts/stops and additional turns; owner review remains open. Continue remaining 16 rejected walk variants.
veld,body,weld-east,other-motion-and-transitions,6,character/dr-veld-v2/packs/bare-184x184-p92.0-172.0/manifest.json,c6b4e56ec9ac02708290ba5a577fedae51c601ee823976fed81d55385c4715b4,identity-review-reopened,,"Owner correction: woman, silver-streaked bun, no glasses; compare canonical concept and correct affected bare/equipped frames before renewed acceptance"
veld,body,weld-north,other-motion-and-transitions,6,character/dr-veld-v2/packs/bare-184x184-p92.0-172.0/manifest.json,1740dd728f2a71901fd16cde6b1e033b1f965b17ac83f2f46b5b6927ad45d9e7,identity-review-reopened,,"Owner correction: woman, silver-streaked bun, no glasses; compare canonical concept and correct affected bare/equipped frames before renewed acceptance"
veld,body,weld-south,other-motion-and-transitions,6,character/dr-veld-v2/packs/bare-184x184-p92.0-172.0/manifest.json,5c09ff1b4ecc5247f6e30553d5b0b6b623fe785048376fb12554d5af5c1547ae,identity-review-reopened,,"Owner correction: woman, silver-streaked bun, no glasses; compare canonical concept and correct affected bare/equipped frames before renewed acceptance"
veld,body,weld-west,other-motion-and-transitions,6,character/dr-veld-v2/packs/bare-184x184-p92.0-172.0/manifest.json,3356e11d82a22cfcb527e55c80ec998f0cf53ffa6fdeb228b9d05b40aee7f21c,identity-review-reopened,,"Owner correction: woman, silver-streaked bun, no glasses; compare canonical concept and correct affected bare/equipped frames before renewed acceptance"
veld,equipment,carry-east,other-motion-and-transitions,6,character/dr-veld-v2/packs/helmet-256x256-p128.0-224.0/manifest.json,29f0d7375bbc5028d744435ac4f68eb1b8446aaebd399f4c83507a1b3bc31cc5,identity-review-reopened,,"Owner correction: woman, silver-streaked bun, no glasses; compare canonical concept and correct affected bare/equipped frames before renewed acceptance"
veld,equipment,carry-north,other-motion-and-transitions,6,character/dr-veld-v2/packs/helmet-256x256-p128.0-224.0/manifest.json,85a87221c387c8c4cadbb9703990d21c87e05372218c2dabeef1cf73ba28e745,identity-review-reopened,,"Owner correction: woman, silver-streaked bun, no glasses; compare canonical concept and correct affected bare/equipped frames before renewed acceptance"
veld,equipment,carry-south,other-motion-and-transitions,6,character/dr-veld-v2/packs/helmet-256x256-p128.0-224.0/manifest.json,11a2e2cbb1072e6b7793c1b8bc790000d9b761cc62958fc66835aee6c1349dc6,identity-review-reopened,,"Owner correction: woman, silver-streaked bun, no glasses; compare canonical concept and correct affected bare/equipped frames before renewed acceptance"
veld,equipment,carry-turn-east-north,other-motion-and-transitions,6,character/dr-veld-v2/packs/helmet-256x256-p128.0-224.0/manifest.json,df8aa0d881dd55492c351ba96aea35cf9008db909b0e65fed172bc0fb5933749,identity-review-reopened,,"Owner correction: woman, silver-streaked bun, no glasses; compare canonical concept and correct affected bare/equipped frames before renewed acceptance"
veld,equipment,carry-turn-east-south,other-motion-and-transitions,6,character/dr-veld-v2/packs/helmet-256x256-p128.0-224.0/manifest.json,410b6f3fae26a552640cea79312df5f9493781f74385569b58672564a7d59205,identity-review-reopened,,"Owner correction: woman, silver-streaked bun, no glasses; compare canonical concept and correct affected bare/equipped frames before renewed acceptance"
veld,equipment,carry-turn-east-west,other-motion-and-transitions,12,character/dr-veld-v2/packs/helmet-256x256-p128.0-224.0/manifest.json,2512a0f8bad2dcc0dc586c074562536ed1ec28569c30d486bb4a37387697681e,identity-review-reopened,,"Owner correction: woman, silver-streaked bun, no glasses; compare canonical concept and correct affected bare/equipped frames before renewed acceptance"
veld,equipment,carry-turn-north-east,other-motion-and-transitions,6,character/dr-veld-v2/packs/helmet-256x256-p128.0-224.0/manifest.json,921bc6dab7980bf34ad9c2d7ef1171f429c15ab250608c06011bd9d5c6e4802e,identity-review-reopened,,"Owner correction: woman, silver-streaked bun, no glasses; compare canonical concept and correct affected bare/equipped frames before renewed acceptance"
veld,equipment,carry-turn-north-south,other-motion-and-transitions,12,character/dr-veld-v2/packs/helmet-256x256-p128.0-224.0/manifest.json,2f4c226b1542635df5aeefb470bf2d67084ca45e5a45a40e1b64aa743af52e78,identity-review-reopened,,"Owner correction: woman, silver-streaked bun, no glasses; compare canonical concept and correct affected bare/equipped frames before renewed acceptance"
veld,equipment,carry-turn-north-west,other-motion-and-transitions,6,character/dr-veld-v2/packs/helmet-256x256-p128.0-224.0/manifest.json,f5850a5caee8e0f4b410d393154103e25c6dd49e8c4a1f9b8fe3c1c29967d2c0,identity-review-reopened,,"Owner correction: woman, silver-streaked bun, no glasses; compare canonical concept and correct affected bare/equipped frames before renewed acceptance"
veld,equipment,carry-turn-south-east,other-motion-and-transitions,6,character/dr-veld-v2/packs/helmet-256x256-p128.0-224.0/manifest.json,4ec4456f7c5ffb14c66dcb0e4354987847b8501c6a688acd856ebbbbe7cb27d2,identity-review-reopened,,"Owner correction: woman, silver-streaked bun, no glasses; compare canonical concept and correct affected bare/equipped frames before renewed acceptance"
veld,equipment,carry-turn-south-north,other-motion-and-transitions,12,character/dr-veld-v2/packs/helmet-256x256-p128.0-224.0/manifest.json,b46fb31be391c6d195de414b99dbe0dbad187785ffff78db5a19d48038d3f79b,identity-review-reopened,,"Owner correction: woman, silver-streaked bun, no glasses; compare canonical concept and correct affected bare/equipped frames before renewed acceptance"
veld,equipment,carry-turn-south-west,other-motion-and-transitions,6,character/dr-veld-v2/packs/helmet-256x256-p128.0-224.0/manifest.json,19dbdfeac61afda8ef2834c96cee64250ccdc2878c75086714a0104604695cfa,identity-review-reopened,,"Owner correction: woman, silver-streaked bun, no glasses; compare canonical concept and correct affected bare/equipped frames before renewed acceptance"
veld,equipment,carry-turn-west-east,other-motion-and-transitions,12,character/dr-veld-v2/packs/helmet-256x256-p128.0-224.0/manifest.json,c6b40c2e80aa863ebec5e942b2c5a21c9b9b3a198ef8eff9efcd5370231fb6a0,identity-review-reopened,,"Owner correction: woman, silver-streaked bun, no glasses; compare canonical concept and correct affected bare/equipped frames before renewed acceptance"
veld,equipment,carry-turn-west-north,other-motion-and-transitions,6,character/dr-veld-v2/packs/helmet-256x256-p128.0-224.0/manifest.json,4826d772dbbb6bf68a09906ee7e24df75187b10676c3ed3489244247e6bbb5fd,identity-review-reopened,,"Owner correction: woman, silver-streaked bun, no glasses; compare canonical concept and correct affected bare/equipped frames before renewed acceptance"
veld,equipment,carry-turn-west-south,other-motion-and-transitions,6,character/dr-veld-v2/packs/helmet-256x256-p128.0-224.0/manifest.json,371b78ae681a4da78a154c45e41ade7c851b9d2766c50ea72cc5c3fc46f35368,identity-review-reopened,,"Owner correction: woman, silver-streaked bun, no glasses; compare canonical concept and correct affected bare/equipped frames before renewed acceptance"
veld,equipment,carry-west,other-motion-and-transitions,6,character/dr-veld-v2/packs/helmet-256x256-p128.0-224.0/manifest.json,4016f8e0520d8eb534944defcd6241ab43e31be46d49787a31f3f9a4a0be497c,identity-review-reopened,,"Owner correction: woman, silver-streaked bun, no glasses; compare canonical concept and correct affected bare/equipped frames before renewed acceptance"
veld,equipment,death-ground-east,death,6,character/dr-veld-v2/packs/helmet-184x184-p92.0-172.0/manifest.json,ce709654dffc34e4a282614bdc1ba5befb2ca55bd38bc51bfeb69c975ad6137a,identity-review-reopened,,"Owner correction: woman, silver-streaked bun, no glasses; compare canonical concept and correct affected bare/equipped frames before renewed acceptance"
veld,equipment,death-ground-north,death,6,character/dr-veld-v2/packs/helmet-256x256-p128.0-224.0/manifest.json,358cc803b2ebdd5ace90fe451ac4b3c26c3018ac584b452b5fae4e5819470677,identity-review-reopened,,"Owner correction: woman, silver-streaked bun, no glasses; compare canonical concept and correct affected bare/equipped frames before renewed acceptance"
veld,equipment,death-ground-south,death,6,character/dr-veld-v2/packs/helmet-256x256-p128.0-224.0/manifest.json,315595d269a5b75d8affa9bd076f352a3a47d0d9c21b734cb41a55bbf1b504b2,identity-review-reopened,,"Owner correction: woman, silver-streaked bun, no glasses; compare canonical concept and correct affected bare/equipped frames before renewed acceptance"
veld,equipment,death-ground-west,death,6,character/dr-veld-v2/packs/helmet-256x256-p128.0-224.0/manifest.json,7efb1ba7f34b555bdd92d102efe1ba5f5e7e4f9ceeba28ed5524d01dea3f5efd,identity-review-reopened,,"Owner correction: woman, silver-streaked bun, no glasses; compare canonical concept and correct affected bare/equipped frames before renewed acceptance"
veld,equipment,death-water-east,death,6,character/dr-veld-v2/packs/helmet-184x184-p122.0-88.0/manifest.json,eb0e0ff41d91afd5ce2724945acd23d857d8c5e49126362007d38b91677a541b,identity-review-reopened,,"Owner correction: woman, silver-streaked bun, no glasses; compare canonical concept and correct affected bare/equipped frames before renewed acceptance"
veld,equipment,death-water-north,death,6,character/dr-veld-v2/packs/helmet-256x256-p128.0-128.0/manifest.json,31416a949116a30ade9c9a0b0294d33afb630437fc1cb53fece8ae02b2d3ebf1,identity-review-reopened,,"Owner correction: woman, silver-streaked bun, no glasses; compare canonical concept and correct affected bare/equipped frames before renewed acceptance"
veld,equipment,death-water-south,death,6,character/dr-veld-v2/packs/helmet-256x256-p128.0-128.0/manifest.json,e76c503731bed0ac9c7d682c054a7b97156ee17ad77c78c522e74afd4f6130bf,identity-review-reopened,,"Owner correction: woman, silver-streaked bun, no glasses; compare canonical concept and correct affected bare/equipped frames before renewed acceptance"
veld,equipment,death-water-west,death,6,character/dr-veld-v2/packs/helmet-256x256-p128.0-128.0/manifest.json,2352b2b95c1f686142384f4535c1dda52172f4f0979f8275092e891f4aa53420,identity-review-reopened,,"Owner correction: woman, silver-streaked bun, no glasses; compare canonical concept and correct affected bare/equipped frames before renewed acceptance"
veld,equipment,drink-east,daily-life,6,character/dr-veld-v2/packs/helmet-256x256-p128.0-224.0/manifest.json,f86e6231c575455d714daf587063519a57e4cb0a5b2c7fece622987618f17c68,identity-review-reopened,,"Owner correction: woman, silver-streaked bun, no glasses; compare canonical concept and correct affected bare/equipped frames before renewed acceptance"
veld,equipment,drink-north,daily-life,6,character/dr-veld-v2/packs/helmet-256x256-p128.0-224.0/manifest.json,1d27b7d33445d1a724a07993f2755c3f86f0b44116fe25fd1fc7f7cd38a1bb29,identity-review-reopened,,"Owner correction: woman, silver-streaked bun, no glasses; compare canonical concept and correct affected bare/equipped frames before renewed acceptance"
veld,equipment,drink-south,daily-life,6,character/dr-veld-v2/packs/helmet-256x256-p128.0-224.0/manifest.json,3b988316ca045bdf96aadb7ff53009548d10294b78755717677390c1ed9e98cf,identity-review-reopened,,"Owner correction: woman, silver-streaked bun, no glasses; compare canonical concept and correct affected bare/equipped frames before renewed acceptance"
veld,equipment,drink-west,daily-life,6,character/dr-veld-v2/packs/helmet-256x256-p128.0-224.0/manifest.json,dd0d9868b5c36d29be22fabc80b3a78c7a5e4c43087f96b1d3ff752eda272fe0,identity-review-reopened,,"Owner correction: woman, silver-streaked bun, no glasses; compare canonical concept and correct affected bare/equipped frames before renewed acceptance"
veld,equipment,eat-east,daily-life,6,character/dr-veld-v2/packs/helmet-256x256-p128.0-224.0/manifest.json,795a1d75b0ea6092306c317b1ec607364ee4575f2d3725e4aaacea3297f57330,identity-review-reopened,,"Owner correction: woman, silver-streaked bun, no glasses; compare canonical concept and correct affected bare/equipped frames before renewed acceptance"
veld,equipment,eat-north,daily-life,6,character/dr-veld-v2/packs/helmet-256x256-p128.0-224.0/manifest.json,cfbca3b1678d69fe8e6eb07128f1ac92d84ca21ea68a0d92d6ad8a5c5711c989,identity-review-reopened,,"Owner correction: woman, silver-streaked bun, no glasses; compare canonical concept and correct affected bare/equipped frames before renewed acceptance"
veld,equipment,eat-south,daily-life,6,character/dr-veld-v2/packs/helmet-256x256-p128.0-224.0/manifest.json,e28d2a970af846bb74b7a4f5785d134f24ae3e67a548e928e776436c23cd5c17,identity-review-reopened,,"Owner correction: woman, silver-streaked bun, no glasses; compare canonical concept and correct affected bare/equipped frames before renewed acceptance"
veld,equipment,eat-west,daily-life,6,character/dr-veld-v2/packs/helmet-256x256-p128.0-224.0/manifest.json,fdc07a9b234aa383c4dd20f6444e55155ac12ea9af9ee2d09ac978cb32082540,identity-review-reopened,,"Owner correction: woman, silver-streaked bun, no glasses; compare canonical concept and correct affected bare/equipped frames before renewed acceptance"
veld,equipment,get-up-east,other-motion-and-transitions,6,character/dr-veld-v2/packs/helmet-256x256-p128.0-224.0/manifest.json,214f6c0bea1c34f2d0605811aa7d0d3f22f9167286797f09ed44e8f7af9f68c0,identity-review-reopened,,"Owner correction: woman, silver-streaked bun, no glasses; compare canonical concept and correct affected bare/equipped frames before renewed acceptance"
veld,equipment,get-up-north,other-motion-and-transitions,6,character/dr-veld-v2/packs/helmet-256x256-p128.0-224.0/manifest.json,74c6b2616de50d2d3264cb9d7e5157b5ef20e8ef8afec239472d5680c604f2e2,identity-review-reopened,,"Owner correction: woman, silver-streaked bun, no glasses; compare canonical concept and correct affected bare/equipped frames before renewed acceptance"
veld,equipment,get-up-south,other-motion-and-transitions,6,character/dr-veld-v2/packs/helmet-256x256-p128.0-224.0/manifest.json,a7bb9e734d4ab9e49ee58589a59665c36be340a37db4754b645fe21eb7f86abc,identity-review-reopened,,"Owner correction: woman, silver-streaked bun, no glasses; compare canonical concept and correct affected bare/equipped frames before renewed acceptance"
veld,equipment,get-up-west,other-motion-and-transitions,6,character/dr-veld-v2/packs/helmet-256x256-p128.0-224.0/manifest.json,0dcf7e0118fe83b30a1fe78b3c6a85371b0810bcd858c3d63fbb1f47f0a5e545,identity-review-reopened,,"Owner correction: woman, silver-streaked bun, no glasses; compare canonical concept and correct affected bare/equipped frames before renewed acceptance"
veld,equipment,idle-east,other-motion-and-transitions,6,character/dr-veld-v2/packs/helmet-184x184-p92.0-172.0/manifest.json,4a0d1259770f9d0b7a09ca32d32f2cdb5afe9fe0ab178178090d19587ce798f9,identity-corrected-selected-live-context-pending,character/veld-identity-correction-v1/README.md; output/crew-replacement-2026-09-12/veld/identity-scanner-selected-native.log; output/crew-replacement-2026-09-12/veld/identity-scanner-validation.log,Review continuous live workplace sequence; correct movement clips and remaining directions/adjacent transitions
veld,equipment,idle-north,other-motion-and-transitions,6,character/dr-veld-v2/packs/helmet-184x184-p92.0-172.0/manifest.json,c51b6d72510fed8c7810fe56a32bc3a4ce32137f5480f231cdc445e81009645b,identity-corrected-selected-live-context-pending,output/crew-replacement-2026-09-12/veld/identity-direction-cadence-native.log; output/crew-replacement-2026-09-12/veld/identity-direction-validation.log; character/veld-identity-correction-v1/README.md,Review continuous direction changes/live activity joins; correct remaining directional actions against canonical identity
veld,equipment,idle-south,other-motion-and-transitions,6,character/dr-veld-v2/packs/helmet-184x184-p92.0-172.0/manifest.json,a683d5b6d13817f261f086f791ab612a16293a1dbe15f0944a5c38c8d5c64ba1,identity-corrected-selected-live-context-pending,output/crew-replacement-2026-09-12/veld/identity-direction-cadence-native.log; output/crew-replacement-2026-09-12/veld/identity-direction-validation.log; character/veld-identity-correction-v1/README.md,Review continuous direction changes/live activity joins; correct remaining directional actions against canonical identity
veld,equipment,idle-west,other-motion-and-transitions,6,character/dr-veld-v2/packs/helmet-184x184-p92.0-172.0/manifest.json,00c3c4ba2ec0bf591b43a432cd1cfaa3bab9c0b491f3e533d741060597db485d,identity-corrected-selected-live-context-pending,output/crew-replacement-2026-09-12/veld/identity-direction-cadence-native.log; output/crew-replacement-2026-09-12/veld/identity-direction-validation.log; character/veld-identity-correction-v1/README.md,Review continuous direction changes/live activity joins; correct remaining directional actions against canonical identity
veld,equipment,inspect-east,other-motion-and-transitions,6,character/dr-veld-v2/packs/helmet-256x256-p128.0-224.0/manifest.json,3082b32cee9f179fd49d088e5ad235d78c447125364d03deaedb11d9066066ac,identity-review-reopened,,"Owner correction: woman, silver-streaked bun, no glasses; compare canonical concept and correct affected bare/equipped frames before renewed acceptance"
veld,equipment,inspect-north,other-motion-and-transitions,6,character/dr-veld-v2/packs/helmet-256x256-p128.0-224.0/manifest.json,3fa18a466623614656364cd7d2416e64bae7a3558fb419150b311bce8d549956,identity-review-reopened,,"Owner correction: woman, silver-streaked bun, no glasses; compare canonical concept and correct affected bare/equipped frames before renewed acceptance"
veld,equipment,inspect-south,other-motion-and-transitions,6,character/dr-veld-v2/packs/helmet-256x256-p128.0-224.0/manifest.json,16fa37bc2b53edba8b95160e1584c472826bfc61ff615736b222101b6c1726ba,identity-review-reopened,,"Owner correction: woman, silver-streaked bun, no glasses; compare canonical concept and correct affected bare/equipped frames before renewed acceptance"
veld,equipment,inspect-west,other-motion-and-transitions,6,character/dr-veld-v2/packs/helmet-256x256-p128.0-224.0/manifest.json,a922612ab7f53ee1cb54a84a5743a1fe3f8047694b39b4538839b35e0b17418a,identity-review-reopened,,"Owner correction: woman, silver-streaked bun, no glasses; compare canonical concept and correct affected bare/equipped frames before renewed acceptance"
veld,equipment,interact-east,instrument,6,character/dr-veld-v2/packs/helmet-184x184-p92.0-172.0/manifest.json,5bcd4e4841292965a6137382563f9c1ccb845b619cb0bc0319ec906e02b5b53f,identity-corrected-selected-live-context-pending,character/veld-identity-correction-v1/README.md; output/crew-replacement-2026-09-12/veld/identity-scanner-selected-native.log; output/crew-replacement-2026-09-12/veld/identity-scanner-validation.log,Review continuous live workplace sequence; correct movement clips and remaining directions/adjacent transitions
veld,equipment,interact-north,instrument,6,character/dr-veld-v2/packs/helmet-256x256-p128.0-224.0/manifest.json,6cd4e182a29e3c33854be31596fc20cbae91f831ad106b44c10d6299c5f992c0,identity-corrected-selected-live-context-pending,output/crew-replacement-2026-09-12/veld/identity-north-scanner-body-selected.log; output/crew-replacement-2026-09-12/veld/identity-north-scanner-body-validation.log; output/crew-replacement-2026-09-12/veld/scanner-study-native-north/identity-body01-contact.png; output/crew-replacement-2026-09-12/veld/scanner-study-native-north/identity-body01-preview.gif,"Review continuous live workplace scanner motion and direction/activity joins; clip source, timing and corrected idle endpoints verified."
veld,equipment,interact-south,instrument,6,character/dr-veld-v2/packs/helmet-256x256-p128.0-224.0/manifest.json,01b054b1ace182a72ba59e14ad0b0cf6bfe5b8a0d737eec846ad463309179b92,identity-corrected-selected-live-context-pending,output/crew-replacement-2026-09-12/veld/identity-south-scanner-body-selected.log; output/crew-replacement-2026-09-12/veld/identity-south-scanner-body-validation.log; output/crew-replacement-2026-09-12/veld/scanner-study-native-south/identity-body02-contact.png,Review continuous live scanner use and direction/activity joins; west/north full-body corrections remain
veld,equipment,interact-west,instrument,6,character/dr-veld-v2/packs/helmet-256x256-p128.0-224.0/manifest.json,bb431ceb108ddd9362f6e2312d5b82d732dedfc50e95da987518c6119f8b4d2a,identity-corrected-selected-live-context-pending,output/crew-replacement-2026-09-12/veld/identity-west-scanner-body-selected.log; output/crew-replacement-2026-09-12/veld/identity-west-scanner-body-validation.log; output/crew-replacement-2026-09-12/veld/scanner-study-native-west/identity-body01-contact.png; output/crew-replacement-2026-09-12/veld/scanner-study-native-west/identity-body01-preview.gif,"Review continuous live workplace scanner motion and direction/activity joins; clip source, timing and corrected idle endpoints verified."
veld,equipment,kneel-east,other-motion-and-transitions,6,character/dr-veld-v2/packs/helmet-184x184-p92.0-172.0/manifest.json,3599cbb7ccf32e95da0986fa2514c09cdffa8370bdad9e921aabf0ddd8021468,identity-corrected-selected-live-context-pending,character/veld-identity-correction-v1/README.md; output/crew-replacement-2026-09-12/veld/identity-scanner-selected-native.log; output/crew-replacement-2026-09-12/veld/identity-scanner-validation.log; output/crew-replacement-2026-09-12/veld/live-core-review-helmet-east/review-summary.json,"Bounded equipped autonomous work reviewed; broader transitions, room occlusion and equipment changes remain."
veld,equipment,kneel-north,other-motion-and-transitions,6,character/dr-veld-v2/packs/helmet-256x256-p128.0-224.0/manifest.json,ff4a76225c21f2c5cbd4a9013925a9b0a9b62f027e5f1abdb536e8cbf5b4a691,identity-corrected-selected-live-context-pending,output/crew-replacement-2026-09-12/veld/identity-north-sample-chain-selected.log; output/crew-replacement-2026-09-12/veld/identity-north-sample-chain-validation.log; output/crew-replacement-2026-09-12/veld/north-sample-chain-study-native/paired-phases.png; output/crew-replacement-2026-09-12/veld/north-sample-chain-study-native/connected-study.gif; output/crew-replacement-2026-09-12/veld/live-core-review-helmet/review-summary.json; output/crew-replacement-2026-09-12/veld/live-core-review-helmet.log,North equipped autonomous chain reviewed; broader direction/activity/occlusion and equipment-transition acceptance remains.
veld,equipment,kneel-south,other-motion-and-transitions,6,character/dr-veld-v2/packs/helmet-256x256-p128.0-224.0/manifest.json,724e917dea6fe932aef993fd2ff47befed1437e02ecf693c5e7822255fa51011,identity-corrected-selected-live-context-pending,output/crew-replacement-2026-09-12/veld/identity-south-sample-chain-selected.log; output/crew-replacement-2026-09-12/veld/identity-south-sample-chain-validation.log; output/crew-replacement-2026-09-12/veld/south-sample-chain-study-native/paired-phases.png; output/crew-replacement-2026-09-12/veld/south-sample-chain-study-native/connected-study.gif; output/crew-replacement-2026-09-12/veld/live-core-review-helmet-south/review-summary.json,"Bounded equipped autonomous work reviewed; broader transitions, room occlusion and equipment changes remain."
veld,equipment,kneel-west,other-motion-and-transitions,6,character/dr-veld-v2/packs/helmet-256x256-p128.0-224.0/manifest.json,ea6dbb2f8b6bcb32f2cc031e01b37f10c084573acb18fffd56b90efc0dea8859,identity-corrected-selected-live-context-pending,output/crew-replacement-2026-09-12/veld/identity-west-sample-chain-selected.log; output/crew-replacement-2026-09-12/veld/identity-west-sample-chain-validation.log; output/crew-replacement-2026-09-12/veld/west-sample-chain-study-native/paired-phases.png; output/crew-replacement-2026-09-12/veld/west-sample-chain-study-native/connected-study.gif,Continuous live workplace sample action and transitions; remaining north repair chain.
veld,equipment,lie-down-east,other-motion-and-transitions,6,character/dr-veld-v2/packs/helmet-256x256-p128.0-224.0/manifest.json,0f9d5b205af44bfa7131ae9a213dd20f2488aef7177f4b6574dd9bb9bda279ee,identity-review-reopened,,"Owner correction: woman, silver-streaked bun, no glasses; compare canonical concept and correct affected bare/equipped frames before renewed acceptance"
veld,equipment,lie-down-north,other-motion-and-transitions,6,character/dr-veld-v2/packs/helmet-256x256-p128.0-224.0/manifest.json,514f83f61f4bc72b33628568cd1c8a3d3c9bb06ffb840a134434c7db1e5411e9,identity-review-reopened,,"Owner correction: woman, silver-streaked bun, no glasses; compare canonical concept and correct affected bare/equipped frames before renewed acceptance"
veld,equipment,lie-down-south,other-motion-and-transitions,6,character/dr-veld-v2/packs/helmet-256x256-p128.0-224.0/manifest.json,fa0aded5c8d86d7224704aa6b665623c74d77ccd5c5f8d412d03b190d77a8ba7,identity-review-reopened,,"Owner correction: woman, silver-streaked bun, no glasses; compare canonical concept and correct affected bare/equipped frames before renewed acceptance"
veld,equipment,lie-down-west,other-motion-and-transitions,6,character/dr-veld-v2/packs/helmet-256x256-p128.0-224.0/manifest.json,0025b68e0c82fbba4a923793d30707db429840b9e3a07d5c50cc6e8bd45b27cc,identity-review-reopened,,"Owner correction: woman, silver-streaked bun, no glasses; compare canonical concept and correct affected bare/equipped frames before renewed acceptance"
veld,equipment,pickup-east,other-motion-and-transitions,6,character/dr-veld-v2/packs/helmet-256x256-p128.0-224.0/manifest.json,842034f3536de3f6e5cc9c6aed7b82bfbb8dede74b0d29f97a795aec4607f8df,identity-review-reopened,,"Owner correction: woman, silver-streaked bun, no glasses; compare canonical concept and correct affected bare/equipped frames before renewed acceptance"
veld,equipment,pickup-north,other-motion-and-transitions,6,character/dr-veld-v2/packs/helmet-256x256-p128.0-224.0/manifest.json,ff6b5bb46767575fbf624d99a01e380124e0c9456fb1c25ba8c06c20801da5d4,identity-review-reopened,,"Owner correction: woman, silver-streaked bun, no glasses; compare canonical concept and correct affected bare/equipped frames before renewed acceptance"
veld,equipment,pickup-south,other-motion-and-transitions,6,character/dr-veld-v2/packs/helmet-256x256-p128.0-224.0/manifest.json,e49dbea12f9695cd77652bbbc028f34e2a951871158adcb6e24932aefcd60b5d,identity-review-reopened,,"Owner correction: woman, silver-streaked bun, no glasses; compare canonical concept and correct affected bare/equipped frames before renewed acceptance"
veld,equipment,pickup-west,other-motion-and-transitions,6,character/dr-veld-v2/packs/helmet-256x256-p128.0-224.0/manifest.json,e6926317131394b64d3a781054a330cbb19e4c88ad95c24e3d4c888cb8fb5ccc,identity-review-reopened,,"Owner correction: woman, silver-streaked bun, no glasses; compare canonical concept and correct affected bare/equipped frames before renewed acceptance"
veld,equipment,read-seated-east,daily-life,6,character/dr-veld-v2/packs/helmet-256x256-p128.0-224.0/manifest.json,6cccfd0aec98c08ecd68e47c25d331d44fa6bb1439a3fc938919a3f20ca51201,identity-review-reopened,,"Owner correction: woman, silver-streaked bun, no glasses; compare canonical concept and correct affected bare/equipped frames before renewed acceptance"
veld,equipment,read-seated-north,daily-life,6,character/dr-veld-v2/packs/helmet-256x256-p128.0-224.0/manifest.json,6044d811bce8e7d112a1731db5f6ac3f6467270321264f09bb0cfa1a5a7108fa,identity-review-reopened,,"Owner correction: woman, silver-streaked bun, no glasses; compare canonical concept and correct affected bare/equipped frames before renewed acceptance"
veld,equipment,read-seated-south,daily-life,6,character/dr-veld-v2/packs/helmet-256x256-p128.0-224.0/manifest.json,8a53640834e28f2234937f354f03413f7eb43718ae67f86fa94bf673c32078c2,identity-review-reopened,,"Owner correction: woman, silver-streaked bun, no glasses; compare canonical concept and correct affected bare/equipped frames before renewed acceptance"
veld,equipment,read-seated-west,daily-life,6,character/dr-veld-v2/packs/helmet-256x256-p128.0-224.0/manifest.json,f537931c9ce3a0ddfa31533286638cb0412160c5dd81ee89af6e467808118977,identity-review-reopened,,"Owner correction: woman, silver-streaked bun, no glasses; compare canonical concept and correct affected bare/equipped frames before renewed acceptance"
veld,equipment,recover-air-east,water,6,character/dr-veld-v2/packs/helmet-256x256-p128.0-224.0/manifest.json,fcbd14faadf6714cbc003522d9d66550c7cdd32134b008076d5cad27f75e7062,identity-review-reopened,,"Owner correction: woman, silver-streaked bun, no glasses; compare canonical concept and correct affected bare/equipped frames before renewed acceptance"
veld,equipment,recover-air-north,water,6,character/dr-veld-v2/packs/helmet-256x256-p128.0-224.0/manifest.json,2cf21644702c9cb6a8682884c8bb2db8d93ebec91a838853be97fbfeead6c807,identity-review-reopened,,"Owner correction: woman, silver-streaked bun, no glasses; compare canonical concept and correct affected bare/equipped frames before renewed acceptance"
veld,equipment,recover-air-south,water,6,character/dr-veld-v2/packs/helmet-256x256-p128.0-224.0/manifest.json,59824dad0fe22813ed005fd9edb7c16514d10cb73cff654393f9babecb5637ed,identity-review-reopened,,"Owner correction: woman, silver-streaked bun, no glasses; compare canonical concept and correct affected bare/equipped frames before renewed acceptance"
veld,equipment,recover-air-west,water,6,character/dr-veld-v2/packs/helmet-256x256-p128.0-224.0/manifest.json,55bf9b68b151af83f4f0b6ef776ed7986fb722ce9c0f88c3e27c74aadc8b9842,identity-review-reopened,,"Owner correction: woman, silver-streaked bun, no glasses; compare canonical concept and correct affected bare/equipped frames before renewed acceptance"
veld,equipment,repair-east,repair,6,character/dr-veld-v2/packs/helmet-184x184-p92.0-172.0/manifest.json,f4c16406dff56525dc3dc3fc15f578fa73000d7df88ca684c0624c924ac226ef,identity-corrected-selected-live-context-pending,character/veld-identity-correction-v1/README.md; output/crew-replacement-2026-09-12/veld/identity-scanner-selected-native.log; output/crew-replacement-2026-09-12/veld/identity-scanner-validation.log; output/crew-replacement-2026-09-12/veld/live-core-review-helmet-east/review-summary.json,"Bounded equipped autonomous work reviewed; broader transitions, room occlusion and equipment changes remain."
veld,equipment,repair-north,repair,6,character/dr-veld-v2/packs/helmet-256x256-p128.0-224.0/manifest.json,f987967ce9dd610cefa449017e31f46744c34889a475b48938ff194994502c45,identity-corrected-selected-live-context-pending,output/crew-replacement-2026-09-12/veld/identity-north-sample-chain-selected.log; output/crew-replacement-2026-09-12/veld/identity-north-sample-chain-validation.log; output/crew-replacement-2026-09-12/veld/north-sample-chain-study-native/paired-phases.png; output/crew-replacement-2026-09-12/veld/north-sample-chain-study-native/connected-study.gif; output/crew-replacement-2026-09-12/veld/live-core-review-helmet/review-summary.json; output/crew-replacement-2026-09-12/veld/live-core-review-helmet.log,North equipped autonomous chain reviewed; broader direction/activity/occlusion and equipment-transition acceptance remains.
veld,equipment,repair-south,repair,6,character/dr-veld-v2/packs/helmet-256x256-p128.0-224.0/manifest.json,98a843373139a59455278dfdd32f4f518dcd5edfa74b36b3ff41adfc96dcc5c5,identity-corrected-selected-live-context-pending,output/crew-replacement-2026-09-12/veld/identity-south-sample-chain-selected.log; output/crew-replacement-2026-09-12/veld/identity-south-sample-chain-validation.log; output/crew-replacement-2026-09-12/veld/south-sample-chain-study-native/paired-phases.png; output/crew-replacement-2026-09-12/veld/south-sample-chain-study-native/connected-study.gif; output/crew-replacement-2026-09-12/veld/live-core-review-helmet-south/review-summary.json,"Bounded equipped autonomous work reviewed; broader transitions, room occlusion and equipment changes remain."
veld,equipment,repair-west,repair,6,character/dr-veld-v2/packs/helmet-256x256-p128.0-224.0/manifest.json,e6720662424dd597b9f8a8268069565a0c90c727bddebc39be2275e41ab781a6,identity-corrected-selected-live-context-pending,output/crew-replacement-2026-09-12/veld/identity-west-sample-chain-selected.log; output/crew-replacement-2026-09-12/veld/identity-west-sample-chain-validation.log; output/crew-replacement-2026-09-12/veld/west-sample-chain-study-native/paired-phases.png; output/crew-replacement-2026-09-12/veld/west-sample-chain-study-native/connected-study.gif,Continuous live workplace sample action and transitions; remaining north repair chain.
veld,equipment,salvage-east,water,6,character/dr-veld-v2/packs/helmet-256x256-p128.0-128.0/manifest.json,2982c26c5729a11a15bcce566d271ab11b62591c58bc9a27f2e4c9ae880a7e3f,identity-review-reopened,,"Owner correction: woman, silver-streaked bun, no glasses; compare canonical concept and correct affected bare/equipped frames before renewed acceptance"
veld,equipment,salvage-north,water,6,character/dr-veld-v2/packs/helmet-256x256-p128.0-128.0/manifest.json,db35e5adb7d4402621e0179de5c95bbed9beb6e0e7e1754b92430ec362f53c48,identity-review-reopened,,"Owner correction: woman, silver-streaked bun, no glasses; compare canonical concept and correct affected bare/equipped frames before renewed acceptance"
veld,equipment,salvage-south,water,6,character/dr-veld-v2/packs/helmet-256x256-p128.0-128.0/manifest.json,cdf0af463ebc1bcf89c8abada060afa56186cb774ecaecc0a7c55b70ba79de84,identity-review-reopened,,"Owner correction: woman, silver-streaked bun, no glasses; compare canonical concept and correct affected bare/equipped frames before renewed acceptance"
veld,equipment,salvage-west,water,6,character/dr-veld-v2/packs/helmet-256x256-p128.0-128.0/manifest.json,1c14904cf7ed9f0a8d40d06556a1b875d89af9884b006883ac57d15f5ef0866e,identity-review-reopened,,"Owner correction: woman, silver-streaked bun, no glasses; compare canonical concept and correct affected bare/equipped frames before renewed acceptance"
veld,equipment,sit-down-east,other-motion-and-transitions,6,character/dr-veld-v2/packs/helmet-256x256-p128.0-224.0/manifest.json,bacd91b5ad762eeb3fa4b826fa9826b34171bfcc361acf34643249c42cc348e1,identity-corrected-selected-live-context-pending,output/crew-replacement-2026-09-12/veld/seated-identity-selected.log; output/crew-replacement-2026-09-12/veld/seated-identity-validation.log; seated-identity-selected-native/page-00-frame-05.png,"Native selected pixels, original timing and exact joins pass. Current furniture selects north-facing seating; live furniture-contact review belongs to that next directional family."
veld,equipment,sit-down-north,other-motion-and-transitions,6,character/dr-veld-v2/packs/helmet-256x256-p128.0-224.0/manifest.json,13a343488f943f10e12cad28fd5f03eff93e80147c05dfd064651c3308568832,identity-review-reopened,,"Owner correction: woman, silver-streaked bun, no glasses; compare canonical concept and correct affected bare/equipped frames before renewed acceptance"
veld,equipment,sit-down-south,other-motion-and-transitions,6,character/dr-veld-v2/packs/helmet-256x256-p128.0-224.0/manifest.json,b4d814281a1d1db3168c16b1bb8c0cee5c01074406c577bc10ed356a02f0145d,identity-review-reopened,,"Owner correction: woman, silver-streaked bun, no glasses; compare canonical concept and correct affected bare/equipped frames before renewed acceptance"
veld,equipment,sit-down-west,other-motion-and-transitions,6,character/dr-veld-v2/packs/helmet-256x256-p128.0-224.0/manifest.json,b85f92f37db0ddc17b5a0551841ad947be94f5d4c83d7ff80572580ca470f96e,identity-review-reopened,,"Owner correction: woman, silver-streaked bun, no glasses; compare canonical concept and correct affected bare/equipped frames before renewed acceptance"
veld,equipment,sit-idle-east,other-motion-and-transitions,6,character/dr-veld-v2/packs/helmet-256x256-p128.0-224.0/manifest.json,38a483098e680abc7ed021d4de55c7891b72c658cc0fd7c33b48266710d1cfbe,identity-corrected-selected-live-context-pending,output/crew-replacement-2026-09-12/veld/seated-identity-selected.log; output/crew-replacement-2026-09-12/veld/seated-identity-validation.log; seated-identity-selected-native/page-00-frame-05.png,"Native selected pixels, original timing and exact joins pass. Current furniture selects north-facing seating; live furniture-contact review belongs to that next directional family."
veld,equipment,sit-idle-north,other-motion-and-transitions,6,character/dr-veld-v2/packs/helmet-256x256-p128.0-224.0/manifest.json,b9f95eb030d0353824e42f119e2e98ec2152dc998cb18028d3f9d59e80d6e08a,identity-review-reopened,,"Owner correction: woman, silver-streaked bun, no glasses; compare canonical concept and correct affected bare/equipped frames before renewed acceptance"
veld,equipment,sit-idle-south,other-motion-and-transitions,6,character/dr-veld-v2/packs/helmet-256x256-p128.0-224.0/manifest.json,262a777d0f4b176ca2ea10448b8ad60fc4b3f1dd42a4b4d08fe5785378a68b1c,identity-review-reopened,,"Owner correction: woman, silver-streaked bun, no glasses; compare canonical concept and correct affected bare/equipped frames before renewed acceptance"
veld,equipment,sit-idle-west,other-motion-and-transitions,6,character/dr-veld-v2/packs/helmet-256x256-p128.0-224.0/manifest.json,863b8d805df2af0e8abd7aa4a790c4d0f312d0b7a0296724ab283954ca96e5ee,identity-review-reopened,,"Owner correction: woman, silver-streaked bun, no glasses; compare canonical concept and correct affected bare/equipped frames before renewed acceptance"
veld,equipment,sit-rise-east,other-motion-and-transitions,6,character/dr-veld-v2/packs/helmet-256x256-p128.0-224.0/manifest.json,016ff8ffa7ddaca74c5b1c2b291b14352e12fdd1712a5130a304ff55ed8ca228,identity-corrected-selected-live-context-pending,output/crew-replacement-2026-09-12/veld/seated-identity-selected.log; output/crew-replacement-2026-09-12/veld/seated-identity-validation.log; seated-identity-selected-native/page-00-frame-05.png,"Native selected pixels, original timing and exact joins pass. Current furniture selects north-facing seating; live furniture-contact review belongs to that next directional family."
veld,equipment,sit-rise-north,other-motion-and-transitions,6,character/dr-veld-v2/packs/helmet-256x256-p128.0-224.0/manifest.json,eb215f3414696090aa6e8e3cf29e6cebea42938b7f90523986415649ef3892d4,identity-review-reopened,,"Owner correction: woman, silver-streaked bun, no glasses; compare canonical concept and correct affected bare/equipped frames before renewed acceptance"
veld,equipment,sit-rise-south,other-motion-and-transitions,6,character/dr-veld-v2/packs/helmet-256x256-p128.0-224.0/manifest.json,232bcf3a46dade8e440e0a9da528c98074e7d34eac3ba0354cc2f9ab1177abc6,identity-review-reopened,,"Owner correction: woman, silver-streaked bun, no glasses; compare canonical concept and correct affected bare/equipped frames before renewed acceptance"
veld,equipment,sit-rise-west,other-motion-and-transitions,6,character/dr-veld-v2/packs/helmet-256x256-p128.0-224.0/manifest.json,102a60a730033581920e233fc3d8b09225fa4561922a4c2b0bdf72ed5d2224d0,identity-review-reopened,,"Owner correction: woman, silver-streaked bun, no glasses; compare canonical concept and correct affected bare/equipped frames before renewed acceptance"
veld,equipment,sleep-east,other-motion-and-transitions,6,character/dr-veld-v2/packs/helmet-256x256-p128.0-224.0/manifest.json,b57a330442e56306a64ea1226be5a0df85b11a7c9778608da1f19ec81dea9dbd,identity-review-reopened,,"Owner correction: woman, silver-streaked bun, no glasses; compare canonical concept and correct affected bare/equipped frames before renewed acceptance"
veld,equipment,sleep-north,other-motion-and-transitions,6,character/dr-veld-v2/packs/helmet-256x256-p128.0-224.0/manifest.json,8bc5b27ee1c2dcedb8c9212e2644cc97e3fedd379a374ec585b2b087de299e95,identity-review-reopened,,"Owner correction: woman, silver-streaked bun, no glasses; compare canonical concept and correct affected bare/equipped frames before renewed acceptance"
veld,equipment,sleep-south,other-motion-and-transitions,6,character/dr-veld-v2/packs/helmet-256x256-p128.0-224.0/manifest.json,d46a4d1d21f761972c07f4b5b3ee0752bb72fbea77952080198472aad8b25e71,identity-review-reopened,,"Owner correction: woman, silver-streaked bun, no glasses; compare canonical concept and correct affected bare/equipped frames before renewed acceptance"
veld,equipment,sleep-west,other-motion-and-transitions,6,character/dr-veld-v2/packs/helmet-256x256-p128.0-224.0/manifest.json,f3aa0d1f0e0886a41f46dc5430074b3fc6d09fad0d413fc035b4139248cac035,identity-review-reopened,,"Owner correction: woman, silver-streaked bun, no glasses; compare canonical concept and correct affected bare/equipped frames before renewed acceptance"
veld,equipment,stand-east,other-motion-and-transitions,6,character/dr-veld-v2/packs/helmet-184x184-p92.0-172.0/manifest.json,f8ac1bcb3d39d49c002d8ad249e23b632df8dd62bf39bd84e1f309ba0285d81c,identity-corrected-selected-live-context-pending,character/veld-identity-correction-v1/README.md; output/crew-replacement-2026-09-12/veld/identity-scanner-selected-native.log; output/crew-replacement-2026-09-12/veld/identity-scanner-validation.log; output/crew-replacement-2026-09-12/veld/live-core-review-helmet-east/review-summary.json,"Bounded equipped autonomous work reviewed; broader transitions, room occlusion and equipment changes remain."
veld,equipment,stand-north,other-motion-and-transitions,6,character/dr-veld-v2/packs/helmet-256x256-p128.0-224.0/manifest.json,7aa05aaed97d9fa7f86b0109cd4ae9ed0c406bb4836ece98fed1f458858608f8,identity-corrected-selected-live-context-pending,output/crew-replacement-2026-09-12/veld/identity-north-sample-chain-selected.log; output/crew-replacement-2026-09-12/veld/identity-north-sample-chain-validation.log; output/crew-replacement-2026-09-12/veld/north-sample-chain-study-native/paired-phases.png; output/crew-replacement-2026-09-12/veld/north-sample-chain-study-native/connected-study.gif; output/crew-replacement-2026-09-12/veld/live-core-review-helmet/review-summary.json; output/crew-replacement-2026-09-12/veld/live-core-review-helmet.log,North equipped autonomous chain reviewed; broader direction/activity/occlusion and equipment-transition acceptance remains.
veld,equipment,stand-south,other-motion-and-transitions,6,character/dr-veld-v2/packs/helmet-256x256-p128.0-224.0/manifest.json,2c51fdaf8c27770339f6b2360522a43e52cfc1ca14e14dabb98ba9f858280196,identity-corrected-selected-live-context-pending,output/crew-replacement-2026-09-12/veld/identity-south-sample-chain-selected.log; output/crew-replacement-2026-09-12/veld/identity-south-sample-chain-validation.log; output/crew-replacement-2026-09-12/veld/south-sample-chain-study-native/paired-phases.png; output/crew-replacement-2026-09-12/veld/south-sample-chain-study-native/connected-study.gif; output/crew-replacement-2026-09-12/veld/live-core-review-helmet-south/review-summary.json,"Bounded equipped autonomous work reviewed; broader transitions, room occlusion and equipment changes remain."
veld,equipment,stand-west,other-motion-and-transitions,6,character/dr-veld-v2/packs/helmet-256x256-p128.0-224.0/manifest.json,7cee5ce2d5efc346f76786814d9ee6ec736fab3cb5b4901d11ae6d222e6f0d5d,identity-corrected-selected-live-context-pending,output/crew-replacement-2026-09-12/veld/identity-west-sample-chain-selected.log; output/crew-replacement-2026-09-12/veld/identity-west-sample-chain-validation.log; output/crew-replacement-2026-09-12/veld/west-sample-chain-study-native/paired-phases.png; output/crew-replacement-2026-09-12/veld/west-sample-chain-study-native/connected-study.gif,Continuous live workplace sample action and transitions; remaining north repair chain.
veld,equipment,swim-carry-east,water,6,character/dr-veld-v2/packs/helmet-256x256-p128.0-128.0/manifest.json,47fcf1051c9f2046844a52c076acbfdb803ca5af515119321042e330f9e688c0,identity-review-reopened,,"Owner correction: woman, silver-streaked bun, no glasses; compare canonical concept and correct affected bare/equipped frames before renewed acceptance"
veld,equipment,swim-carry-north,water,6,character/dr-veld-v2/packs/helmet-256x256-p128.0-128.0/manifest.json,3c786a92d37e528ac192a891ff477569c9c1c0277a03818a7e59e2a60aff3427,identity-review-reopened,,"Owner correction: woman, silver-streaked bun, no glasses; compare canonical concept and correct affected bare/equipped frames before renewed acceptance"
veld,equipment,swim-carry-south,water,6,character/dr-veld-v2/packs/helmet-256x256-p128.0-128.0/manifest.json,1db22322e5dfe29d9397385943a07752ca8ef1b541b9262e9e3512b6acd8f5ef,identity-review-reopened,,"Owner correction: woman, silver-streaked bun, no glasses; compare canonical concept and correct affected bare/equipped frames before renewed acceptance"
veld,equipment,swim-carry-turn-east-north,water,6,character/dr-veld-v2/packs/helmet-256x256-p128.0-128.0/manifest.json,7fd3af764eb931a74c4da526d95fb9432b97e9adf82cf78fdd4cca51c46da12e,identity-review-reopened,,"Owner correction: woman, silver-streaked bun, no glasses; compare canonical concept and correct affected bare/equipped frames before renewed acceptance"
veld,equipment,swim-carry-turn-east-south,water,6,character/dr-veld-v2/packs/helmet-256x256-p128.0-128.0/manifest.json,92167d1b1aecbe246ee2f1e7084961d8ad9645f5b3d1475be0aaf6d2bb978984,identity-review-reopened,,"Owner correction: woman, silver-streaked bun, no glasses; compare canonical concept and correct affected bare/equipped frames before renewed acceptance"
veld,equipment,swim-carry-turn-east-west,water,12,character/dr-veld-v2/packs/helmet-256x256-p128.0-128.0/manifest.json,d52b04c8d54f1966fa1f03d3973eab3cda0a2c5ced9799cd94bcd1bb2fae77b3,identity-review-reopened,,"Owner correction: woman, silver-streaked bun, no glasses; compare canonical concept and correct affected bare/equipped frames before renewed acceptance"
veld,equipment,swim-carry-turn-north-east,water,6,character/dr-veld-v2/packs/helmet-256x256-p128.0-128.0/manifest.json,2958bc30a51727d122f4faec360c5844aa330e0b56ba9d71206bffefc2e4feb8,identity-review-reopened,,"Owner correction: woman, silver-streaked bun, no glasses; compare canonical concept and correct affected bare/equipped frames before renewed acceptance"
veld,equipment,swim-carry-turn-north-south,water,12,character/dr-veld-v2/packs/helmet-256x256-p128.0-128.0/manifest.json,e92f6affab0e8a459e8530aa706736a03ed42f7d6a342acf5fc22a576ef1a39b,identity-review-reopened,,"Owner correction: woman, silver-streaked bun, no glasses; compare canonical concept and correct affected bare/equipped frames before renewed acceptance"
veld,equipment,swim-carry-turn-north-west,water,6,character/dr-veld-v2/packs/helmet-256x256-p128.0-128.0/manifest.json,ba60e126d0f1552c0e72eac6f18a66d99f588a22822ec58e18f1de37515c1228,identity-review-reopened,,"Owner correction: woman, silver-streaked bun, no glasses; compare canonical concept and correct affected bare/equipped frames before renewed acceptance"
veld,equipment,swim-carry-turn-south-east,water,6,character/dr-veld-v2/packs/helmet-256x256-p128.0-128.0/manifest.json,756f632b239211e339ab94111a6911a7e7d3180d079c6c0b9c270761b6615ed7,identity-review-reopened,,"Owner correction: woman, silver-streaked bun, no glasses; compare canonical concept and correct affected bare/equipped frames before renewed acceptance"
veld,equipment,swim-carry-turn-south-north,water,12,character/dr-veld-v2/packs/helmet-256x256-p128.0-128.0/manifest.json,5bb9285b941e21f0ec3d51a073fa94bab13e40d6bb761dd505b966bb0a3bed37,identity-review-reopened,,"Owner correction: woman, silver-streaked bun, no glasses; compare canonical concept and correct affected bare/equipped frames before renewed acceptance"
veld,equipment,swim-carry-turn-south-west,water,6,character/dr-veld-v2/packs/helmet-256x256-p128.0-128.0/manifest.json,453ac2426d411d9dc4d874802833982df0b1fb724bf2b52d4a956d49e14c64da,identity-review-reopened,,"Owner correction: woman, silver-streaked bun, no glasses; compare canonical concept and correct affected bare/equipped frames before renewed acceptance"
veld,equipment,swim-carry-turn-west-east,water,12,character/dr-veld-v2/packs/helmet-256x256-p128.0-128.0/manifest.json,39b8c478250f5a8e60b77fd47243a543504701597e11dfa65671716abe5d56dc,identity-review-reopened,,"Owner correction: woman, silver-streaked bun, no glasses; compare canonical concept and correct affected bare/equipped frames before renewed acceptance"
veld,equipment,swim-carry-turn-west-north,water,6,character/dr-veld-v2/packs/helmet-256x256-p128.0-128.0/manifest.json,c81ed8b2eaa6b338433a6948ea9d78c732b89ad862ae13d78c58fb2ec87fffbd,identity-review-reopened,,"Owner correction: woman, silver-streaked bun, no glasses; compare canonical concept and correct affected bare/equipped frames before renewed acceptance"
veld,equipment,swim-carry-turn-west-south,water,6,character/dr-veld-v2/packs/helmet-256x256-p128.0-128.0/manifest.json,126eff910c5a11abe6086287f289c3e0c0a23c15126bec01307a45811935b2df,identity-review-reopened,,"Owner correction: woman, silver-streaked bun, no glasses; compare canonical concept and correct affected bare/equipped frames before renewed acceptance"
veld,equipment,swim-carry-west,water,6,character/dr-veld-v2/packs/helmet-256x256-p128.0-128.0/manifest.json,d33c9d62d4615ccbc0cd8878f83dacc424177a0214d030759b270939b558c03f,identity-review-reopened,,"Owner correction: woman, silver-streaked bun, no glasses; compare canonical concept and correct affected bare/equipped frames before renewed acceptance"
veld,equipment,swim-distress-east,water,6,character/dr-veld-v2/packs/helmet-256x256-p128.0-128.0/manifest.json,55079cb9acbe57cd38fe2937ccd4ee875804fddfc03f4b417d4e85e2552aec42,identity-review-reopened,,"Owner correction: woman, silver-streaked bun, no glasses; compare canonical concept and correct affected bare/equipped frames before renewed acceptance"
veld,equipment,swim-distress-north,water,6,character/dr-veld-v2/packs/helmet-256x256-p128.0-128.0/manifest.json,50a06cbd9f5ab15de980b294cc858f103366e16632ed4f035df863424c1adaaa,identity-review-reopened,,"Owner correction: woman, silver-streaked bun, no glasses; compare canonical concept and correct affected bare/equipped frames before renewed acceptance"
veld,equipment,swim-distress-south,water,6,character/dr-veld-v2/packs/helmet-256x256-p128.0-128.0/manifest.json,24c9e690dd88f67ffbf702c486afb1a99b32a993108ea109e7cbc372812fa2d7,identity-review-reopened,,"Owner correction: woman, silver-streaked bun, no glasses; compare canonical concept and correct affected bare/equipped frames before renewed acceptance"
veld,equipment,swim-distress-west,water,6,character/dr-veld-v2/packs/helmet-256x256-p128.0-128.0/manifest.json,5f6a6d7a7ac13a179618c328cd545e91efc7bac4630998e16df7246b5e4c1cbf,identity-review-reopened,,"Owner correction: woman, silver-streaked bun, no glasses; compare canonical concept and correct affected bare/equipped frames before renewed acceptance"
veld,equipment,swim-east,water,6,character/dr-veld-v2/packs/helmet-208x184-p122.0-88.0/manifest.json,7ca8576bfd4e0b1c20dae07b38637c28ca5249e27dce363a0462599c5f0bb643,identity-review-reopened,,"Owner correction: woman, silver-streaked bun, no glasses; compare canonical concept and correct affected bare/equipped frames before renewed acceptance"
veld,equipment,swim-north,water,6,character/dr-veld-v2/packs/helmet-184x184-p92.0-54.0/manifest.json,ca2761eb8b1d057399bea81004e35ebef5386d1cbfad982918894b065ef2f32d,identity-review-reopened,,"Owner correction: woman, silver-streaked bun, no glasses; compare canonical concept and correct affected bare/equipped frames before renewed acceptance"
veld,equipment,swim-pickup-east,water,6,character/dr-veld-v2/packs/helmet-256x256-p128.0-128.0/manifest.json,d7ce3ca4f06357f8fb57c3376706d5eb90a00718818af77c2051bd6317e687b6,identity-review-reopened,,"Owner correction: woman, silver-streaked bun, no glasses; compare canonical concept and correct affected bare/equipped frames before renewed acceptance"
veld,equipment,swim-pickup-north,water,6,character/dr-veld-v2/packs/helmet-256x256-p128.0-128.0/manifest.json,0f26620bcdea09dcab60e67305609e7592d7db675a124961b2f88b44b0c9f693,identity-review-reopened,,"Owner correction: woman, silver-streaked bun, no glasses; compare canonical concept and correct affected bare/equipped frames before renewed acceptance"
veld,equipment,swim-pickup-south,water,6,character/dr-veld-v2/packs/helmet-256x256-p128.0-128.0/manifest.json,810cbbf0b2e9316d4a1a9aa5f2f652a023c362e32f273e19a62e0e1d5d45783b,identity-review-reopened,,"Owner correction: woman, silver-streaked bun, no glasses; compare canonical concept and correct affected bare/equipped frames before renewed acceptance"
veld,equipment,swim-pickup-west,water,6,character/dr-veld-v2/packs/helmet-256x256-p128.0-128.0/manifest.json,a59fba24577d1295133cfafc89cc954dc2d6839eb1b3353403c2d8ce4720c657,identity-review-reopened,,"Owner correction: woman, silver-streaked bun, no glasses; compare canonical concept and correct affected bare/equipped frames before renewed acceptance"
veld,equipment,swim-south,water,6,character/dr-veld-v2/packs/helmet-208x224-p104.0-152.0/manifest.json,2d7f2cff02277ba2377b8abdddbd6b4038f9e09db23b77f2a061f59d4ce9fe9f,identity-review-reopened,,"Owner correction: woman, silver-streaked bun, no glasses; compare canonical concept and correct affected bare/equipped frames before renewed acceptance"
veld,equipment,swim-start-east,water,6,character/dr-veld-v2/packs/helmet-256x256-p128.0-128.0/manifest.json,53cafd2878b9bd90503af367dc8d8e351ecee8addb7005850ac30be224966444,identity-review-reopened,,"Owner correction: woman, silver-streaked bun, no glasses; compare canonical concept and correct affected bare/equipped frames before renewed acceptance"
veld,equipment,swim-start-north,water,6,character/dr-veld-v2/packs/helmet-256x256-p128.0-128.0/manifest.json,6d96941c046587fd20692b2982c9ad5d4d62d0c9d8e36ff67976781d178f5353,identity-review-reopened,,"Owner correction: woman, silver-streaked bun, no glasses; compare canonical concept and correct affected bare/equipped frames before renewed acceptance"
veld,equipment,swim-start-south,water,6,character/dr-veld-v2/packs/helmet-256x256-p128.0-128.0/manifest.json,00febb440184f248775fa9fd9d392ac3b0dddc8312d81854830b20e0248a9314,identity-review-reopened,,"Owner correction: woman, silver-streaked bun, no glasses; compare canonical concept and correct affected bare/equipped frames before renewed acceptance"
veld,equipment,swim-start-west,water,6,character/dr-veld-v2/packs/helmet-256x256-p128.0-128.0/manifest.json,5aab89082b483955df6df787f720d07b5d4ae774b5a48a87b69a5975d11b4fd4,identity-review-reopened,,"Owner correction: woman, silver-streaked bun, no glasses; compare canonical concept and correct affected bare/equipped frames before renewed acceptance"
veld,equipment,swim-stop-east,water,6,character/dr-veld-v2/packs/helmet-256x256-p128.0-128.0/manifest.json,31f098c2b1b81520547e7d3f5ee6abbec21ebbc7ee8938dcf25c02c957e1944d,identity-review-reopened,,"Owner correction: woman, silver-streaked bun, no glasses; compare canonical concept and correct affected bare/equipped frames before renewed acceptance"
veld,equipment,swim-stop-north,water,6,character/dr-veld-v2/packs/helmet-256x256-p128.0-128.0/manifest.json,f42857baa572d4e543aa12b1f156a7aaaeda18be73a9a10a25e1b5a01f96c8e7,identity-review-reopened,,"Owner correction: woman, silver-streaked bun, no glasses; compare canonical concept and correct affected bare/equipped frames before renewed acceptance"
veld,equipment,swim-stop-south,water,6,character/dr-veld-v2/packs/helmet-256x256-p128.0-128.0/manifest.json,511b14f6c16a4ee13fee150f4443895b5ec247e15da266388623fb27ff97bba5,identity-review-reopened,,"Owner correction: woman, silver-streaked bun, no glasses; compare canonical concept and correct affected bare/equipped frames before renewed acceptance"
veld,equipment,swim-stop-west,water,6,character/dr-veld-v2/packs/helmet-256x256-p128.0-128.0/manifest.json,8782ce8c3e208ea100c46a1f85360402184435f487f7ee93216d7a5b2777a3da,identity-review-reopened,,"Owner correction: woman, silver-streaked bun, no glasses; compare canonical concept and correct affected bare/equipped frames before renewed acceptance"
veld,equipment,swim-turn-east-north,water,6,character/dr-veld-v2/packs/helmet-256x256-p128.0-128.0/manifest.json,f17f56a3230f675763a8d95e62744060e8922c0e5bc130333645a77c3a38dac6,identity-review-reopened,,"Owner correction: woman, silver-streaked bun, no glasses; compare canonical concept and correct affected bare/equipped frames before renewed acceptance"
veld,equipment,swim-turn-east-south,water,6,character/dr-veld-v2/packs/helmet-256x256-p128.0-128.0/manifest.json,2f617fe348c56824b59e67c5f2cc6772e55db38019e809a94a648f1b972f4249,identity-review-reopened,,"Owner correction: woman, silver-streaked bun, no glasses; compare canonical concept and correct affected bare/equipped frames before renewed acceptance"
veld,equipment,swim-turn-east-west,water,12,character/dr-veld-v2/packs/helmet-256x256-p128.0-128.0/manifest.json,fadd494c9278d5ac24a8c7e951423535d8e2f1e615f86cccb66f8e5cdab6994e,identity-review-reopened,,"Owner correction: woman, silver-streaked bun, no glasses; compare canonical concept and correct affected bare/equipped frames before renewed acceptance"
veld,equipment,swim-turn-north-east,water,6,character/dr-veld-v2/packs/helmet-256x256-p128.0-128.0/manifest.json,d2f5dda501b6eaf82ae8dd987f02b3439b2ad030c14541d29042731177ccc7f4,identity-review-reopened,,"Owner correction: woman, silver-streaked bun, no glasses; compare canonical concept and correct affected bare/equipped frames before renewed acceptance"
veld,equipment,swim-turn-north-south,water,12,character/dr-veld-v2/packs/helmet-256x256-p128.0-128.0/manifest.json,0ccdfae301dc243f82aff7445c51b22d33617d06ca17fafb1077448bbc45ad99,identity-review-reopened,,"Owner correction: woman, silver-streaked bun, no glasses; compare canonical concept and correct affected bare/equipped frames before renewed acceptance"
veld,equipment,swim-turn-north-west,water,6,character/dr-veld-v2/packs/helmet-256x256-p128.0-128.0/manifest.json,455838a85f0ead757981ba9250d17195a2f99bd1f905260e0b3f3443c132259a,identity-review-reopened,,"Owner correction: woman, silver-streaked bun, no glasses; compare canonical concept and correct affected bare/equipped frames before renewed acceptance"
veld,equipment,swim-turn-south-east,water,6,character/dr-veld-v2/packs/helmet-256x256-p128.0-128.0/manifest.json,cd00d3f438934d5fbd74c09c233b68afe3cdc0ed6ee58672901d20fae64f29e4,identity-review-reopened,,"Owner correction: woman, silver-streaked bun, no glasses; compare canonical concept and correct affected bare/equipped frames before renewed acceptance"
veld,equipment,swim-turn-south-north,water,12,character/dr-veld-v2/packs/helmet-256x256-p128.0-128.0/manifest.json,2890c3cf529bdddb9c2cf2fc7d6b83141e98d8a0adf5b1a9f0ccd3a2814fe93e,identity-review-reopened,,"Owner correction: woman, silver-streaked bun, no glasses; compare canonical concept and correct affected bare/equipped frames before renewed acceptance"
veld,equipment,swim-turn-south-west,water,6,character/dr-veld-v2/packs/helmet-256x256-p128.0-128.0/manifest.json,b9500feb818b1c330099210e09c3c2c2e15869d9e2c9ab8a7ad491b5b8c7d10c,identity-review-reopened,,"Owner correction: woman, silver-streaked bun, no glasses; compare canonical concept and correct affected bare/equipped frames before renewed acceptance"
veld,equipment,swim-turn-west-east,water,12,character/dr-veld-v2/packs/helmet-256x256-p128.0-128.0/manifest.json,c79813d4f329c362e2f9e07a87f5c19146afb6926634157e775b266547e09781,identity-review-reopened,,"Owner correction: woman, silver-streaked bun, no glasses; compare canonical concept and correct affected bare/equipped frames before renewed acceptance"
veld,equipment,swim-turn-west-north,water,6,character/dr-veld-v2/packs/helmet-256x256-p128.0-128.0/manifest.json,a0ac601aa904e4ae7b5575e4d1463d39819200ec2387474ca4fbb0e3cb3b5da3,identity-review-reopened,,"Owner correction: woman, silver-streaked bun, no glasses; compare canonical concept and correct affected bare/equipped frames before renewed acceptance"
veld,equipment,swim-turn-west-south,water,6,character/dr-veld-v2/packs/helmet-256x256-p128.0-128.0/manifest.json,42ccbacb3fdc4ba62fabc3899d2f40dd87e26b5f9955249f9f620cf7c2ca9340,identity-review-reopened,,"Owner correction: woman, silver-streaked bun, no glasses; compare canonical concept and correct affected bare/equipped frames before renewed acceptance"
veld,equipment,swim-west,water,6,character/dr-veld-v2/packs/helmet-208x184-p86.0-88.0/manifest.json,2c3f7f9d8cbe7ae288fd71c22008d192a49c8d977cce67e90be913dddf59faf4,identity-review-reopened,,"Owner correction: woman, silver-streaked bun, no glasses; compare canonical concept and correct affected bare/equipped frames before renewed acceptance"
veld,equipment,torch-draw-east,other-motion-and-transitions,6,character/dr-veld-v2/packs/helmet-256x256-p128.0-224.0/manifest.json,246b0321326e7aa0c71223332e89792a00fbcbd1cf244a5fe3760ab8f2a87f9e,identity-review-reopened,,"Owner correction: woman, silver-streaked bun, no glasses; compare canonical concept and correct affected bare/equipped frames before renewed acceptance"
veld,equipment,torch-draw-north,other-motion-and-transitions,6,character/dr-veld-v2/packs/helmet-256x256-p128.0-224.0/manifest.json,df3e3e2c7e4ae8365abf6d558e80d6d166d2880873f4cb954c1d85e6588300fd,identity-review-reopened,,"Owner correction: woman, silver-streaked bun, no glasses; compare canonical concept and correct affected bare/equipped frames before renewed acceptance"
veld,equipment,torch-draw-south,other-motion-and-transitions,6,character/dr-veld-v2/packs/helmet-256x256-p128.0-224.0/manifest.json,62dcf7cdc950e4dc292b1514889247e446654b6f95595f81f8663b8f96bf683b,identity-review-reopened,,"Owner correction: woman, silver-streaked bun, no glasses; compare canonical concept and correct affected bare/equipped frames before renewed acceptance"
veld,equipment,torch-draw-west,other-motion-and-transitions,6,character/dr-veld-v2/packs/helmet-256x256-p128.0-224.0/manifest.json,4cf1c819d35e06b2b3f43c9d9ed4cd49b6a586e23e16cdeed38a77bab454bff3,identity-review-reopened,,"Owner correction: woman, silver-streaked bun, no glasses; compare canonical concept and correct affected bare/equipped frames before renewed acceptance"
veld,equipment,torch-stow-east,other-motion-and-transitions,6,character/dr-veld-v2/packs/helmet-256x256-p128.0-224.0/manifest.json,bb8aa6895102669c296f3d85f4c966393c5310addb03cd1f90e961cbd4d3dd94,identity-review-reopened,,"Owner correction: woman, silver-streaked bun, no glasses; compare canonical concept and correct affected bare/equipped frames before renewed acceptance"
veld,equipment,torch-stow-north,other-motion-and-transitions,6,character/dr-veld-v2/packs/helmet-256x256-p128.0-224.0/manifest.json,8e983312e84bb66e8d69d53342d39867c1a7c5b38f57c1293959dd9a5036001d,identity-review-reopened,,"Owner correction: woman, silver-streaked bun, no glasses; compare canonical concept and correct affected bare/equipped frames before renewed acceptance"
veld,equipment,torch-stow-south,other-motion-and-transitions,6,character/dr-veld-v2/packs/helmet-256x256-p128.0-224.0/manifest.json,950ec736589c22bb5210a662b0cc95a5e133103e3d4bb77b12ab34f387b9939a,identity-review-reopened,,"Owner correction: woman, silver-streaked bun, no glasses; compare canonical concept and correct affected bare/equipped frames before renewed acceptance"
veld,equipment,torch-stow-west,other-motion-and-transitions,6,character/dr-veld-v2/packs/helmet-256x256-p128.0-224.0/manifest.json,97db3def30f13843e1fd88f610d01916084b548597ab9cd2830dd032f4c8e9fa,identity-review-reopened,,"Owner correction: woman, silver-streaked bun, no glasses; compare canonical concept and correct affected bare/equipped frames before renewed acceptance"
veld,equipment,tread-east,water,6,character/dr-veld-v2/packs/helmet-184x184-p92.0-70.0/manifest.json,e6ab9d616cdb57425756a4aa0b331f8c9b34c2553ff82947b05e9d6a51b992fa,identity-review-reopened,,"Owner correction: woman, silver-streaked bun, no glasses; compare canonical concept and correct affected bare/equipped frames before renewed acceptance"
veld,equipment,tread-north,water,6,character/dr-veld-v2/packs/helmet-184x184-p92.0-70.0/manifest.json,6eb930561ee83eda08328a366fd66e0909c7ac60a42aa8a3adca4bb6a73bc41b,identity-review-reopened,,"Owner correction: woman, silver-streaked bun, no glasses; compare canonical concept and correct affected bare/equipped frames before renewed acceptance"
veld,equipment,tread-south,water,6,character/dr-veld-v2/packs/helmet-184x184-p92.0-70.0/manifest.json,9c39384b2d9505967ad63104983685d31eda9caf9390b11760b5b80e80fb743e,identity-review-reopened,,"Owner correction: woman, silver-streaked bun, no glasses; compare canonical concept and correct affected bare/equipped frames before renewed acceptance"
veld,equipment,tread-west,water,6,character/dr-veld-v2/packs/helmet-184x184-p92.0-70.0/manifest.json,516659385e6e7b4bd248b13cd7f72486286ed5f0389b2adb93d17f670c3b3876,identity-review-reopened,,"Owner correction: woman, silver-streaked bun, no glasses; compare canonical concept and correct affected bare/equipped frames before renewed acceptance"
veld,equipment,unload-east,other-motion-and-transitions,6,character/dr-veld-v2/packs/helmet-256x256-p128.0-224.0/manifest.json,403406f0ec5db5a1596104416296fc566079f4da37bed8cbf08b32cbce1e1deb,identity-review-reopened,,"Owner correction: woman, silver-streaked bun, no glasses; compare canonical concept and correct affected bare/equipped frames before renewed acceptance"
veld,equipment,unload-north,other-motion-and-transitions,6,character/dr-veld-v2/packs/helmet-256x256-p128.0-224.0/manifest.json,7c56c9937eeb8efd4b6a9955ffae178724273f29d9d31e9543433ee017de0c26,identity-review-reopened,,"Owner correction: woman, silver-streaked bun, no glasses; compare canonical concept and correct affected bare/equipped frames before renewed acceptance"
veld,equipment,unload-south,other-motion-and-transitions,6,character/dr-veld-v2/packs/helmet-256x256-p128.0-224.0/manifest.json,0a3b4edef9c777fddaab53ecf90338909b04005d0ae76709a1233c122d362fd4,identity-review-reopened,,"Owner correction: woman, silver-streaked bun, no glasses; compare canonical concept and correct affected bare/equipped frames before renewed acceptance"
veld,equipment,unload-west,other-motion-and-transitions,6,character/dr-veld-v2/packs/helmet-256x256-p128.0-224.0/manifest.json,c65131186839e7d62df5f2b08538953e0d40a3276365975a40d705254d7268f8,identity-review-reopened,,"Owner correction: woman, silver-streaked bun, no glasses; compare canonical concept and correct affected bare/equipped frames before renewed acceptance"
veld,equipment,walk-east,other-motion-and-transitions,6,character/dr-veld-v2/packs/helmet-184x184-p92.0-172.0/manifest.json,f60027eb3964dfd4d4e6b64246edb1fe8d78076d1ae566bd067d9d7d9de4aef0,whole-body-gait-selected-live-walk-reviewed,character/veld-identity-correction-v1/review/walk-video-cycle-01/paired-contact.png; character/veld-identity-correction-v1/review/walk-video-cycle-01/sole-contact-analysis.json; output/crew-replacement-2026-09-12/veld/video-walk-selected-native.log; output/crew-replacement-2026-09-12/veld/video-walk-validation.log; output/crew-replacement-2026-09-12/veld/video-walk-live-bare.log; output/crew-replacement-2026-09-12/veld/video-walk-live-helmet.log; live-core-review-east-walk/live-walk-contact.png; live-core-review-helmet-east-walk/live-walk-contact.png,Review idle start/stop and additional turns; owner review remains open. Continue remaining 18 rejected walk variants.
veld,equipment,walk-north,other-motion-and-transitions,6,character/dr-veld-v2/packs/helmet-184x184-p92.0-172.0/manifest.json,f14f0348f4b85fbf9ab1ee12dfd100e33fd7f897c9ef7ad51b95c10e8db103fe,whole-body-gait-selected-live-walk-reviewed,character/veld-identity-correction-v1/review/walk-north-video-cycle-01/paired-contact.png; output/crew-replacement-2026-09-12/veld/north-video-walk-selected-native.log; output/crew-replacement-2026-09-12/veld/north-video-walk-validation.log; output/crew-replacement-2026-09-12/veld/north-video-walk-live-bare-episodes.log; output/crew-replacement-2026-09-12/veld/north-video-walk-live-helmet-isolated.log,Review idle starts/stops and additional turns; owner review remains open. Continue Branforth eight and Marsh four rejected walk variants.
veld,equipment,walk-south,other-motion-and-transitions,6,character/dr-veld-v2/packs/helmet-184x184-p92.0-172.0/manifest.json,dd65f653d273538a35f1ea57e3aa25370ecb02b75527b85a23f66de99a0c2388,whole-body-gait-selected-live-walk-reviewed,character/veld-identity-correction-v1/review/walk-south-video-cycle-01/paired-contact.png; output/crew-replacement-2026-09-12/veld/south-video-walk-selected-native.log; output/crew-replacement-2026-09-12/veld/south-video-walk-validation.log; output/crew-replacement-2026-09-12/veld/south-video-walk-live-bare.log; output/crew-replacement-2026-09-12/veld/south-video-walk-live-helmet.log,Review idle starts/stops and additional turns; owner review remains open. Continue remaining 14 rejected walk variants.
veld,equipment,walk-west,other-motion-and-transitions,6,character/dr-veld-v2/packs/helmet-184x184-p92.0-172.0/manifest.json,94e31f68a64be2405c3491bb853e6628fb2862e470da4400d5973f0c3e1cffbe,whole-body-gait-selected-live-walk-reviewed,character/veld-identity-correction-v1/review/walk-west-video-cycle-01/paired-contact.png; character/veld-identity-correction-v1/review/walk-west-video-cycle-01/sole-contact-analysis.json; output/crew-replacement-2026-09-12/veld/west-video-walk-selected-native.log; output/crew-replacement-2026-09-12/veld/west-video-walk-validation.log; output/crew-replacement-2026-09-12/veld/west-video-walk-live-bare.log; output/crew-replacement-2026-09-12/veld/west-video-walk-live-helmet.log,Review idle starts/stops and additional turns; owner review remains open. Continue remaining 16 rejected walk variants.
